Div,Date,HomeTeam,AwayTeam,FTHG,FTAG,FTR,HTHG,HTAG,HTR,Referee,HS,AS,HST,AST,HF,AF,HC,AC,HY,AY,HR,AR,B365H,B365D,B365A,GBH,GBD,GBA,IWH,IWD,IWA,LBH,LBD,LBA,SOH,SOD,SOA,SBH,SBD,SBA,WHH,WHD,WHA,GB>2.5,GB<2.5,B365>2.5,B365<2.5,GBAHH,GBAHA,GBAH,LBAHH,LBAHA,LBAH,B365AHH,B365AHA,B365AH,BbAvH,BbAvD,BbAvA
E0,16/08/03,Arsenal,Everton,2,1,H,1,0,H,M Halsey,11,13,5,7,8,15,6,9,1,3,1,1,1.4,3.8,8,1.44,4,7,1.35,4,7,1.333,4,8,1.4,3.75,7.5,1.4,3.75,7.5,1.28,4.5,8,1.75,1.95,1.7,2.1,1.9,1.9,-1.25,1.9,1.95,-1.25,1.975,1.925,-1.25,1.371857143,3.971428571,7.571428571
E0,16/08/03,Birmingham,Tottenham,1,0,H,1,0,H,R Styles,10,15,5,7,20,27,1,4,3,5,0,0,2.375,3.25,2.75,2.35,3.25,2.8,2.5,3,2.5,2.2,3.2,2.8,2.25,3.25,2.75,2.25,3.2,2.8,2.2,3.2,2.8,1.85,1.85,1.95,1.85,2.05,1.75,-0.25,1.75,2.1,0,2.1,1.8,-0.25,2.303571429,3.192857143,2.742857143
E0,16/08/03,Blackburn,Wolves,5,1,H,2,0,H,J Winter,25,8,13,5,8,14,6,2,1,1,0,0,1.615,3.4,5.5,1.68,3.4,5,1.7,3.2,4.2,1.615,3.5,4.5,1.57,3.4,5.5,1.57,3.4,5.5,1.57,3.5,5,1.85,1.85,1.9,1.9,1.95,1.85,-0.75,2,1.85,-0.75,1.95,1.95,-0.75,1.617142857,3.4,5.028571429
E0,16/08/03,Fulham,Middlesbrough,3,2,H,1,1,D,G Poll,17,8,9,5,18,16,7,6,1,1,0,0,2.3,3.25,2.8,2.4,3.25,2.7,2.1,3.1,3,2.375,3.2,2.6,2.2,3.25,2.8,2.2,3.2,2.87,2.3,3.2,2.62,1.95,1.75,2.1,1.7,1.8,2,0,1.85,2,0,2.1,1.8,-0.25,2.267857143,3.207142857,2.77
E0,16/08/03,Leicester,Southampton,2,2,D,2,0,H,M Riley,12,13,7,10,27,15,2,7,3,1,0,0,2.5,3.2,2.6,2.5,3.25,2.6,2.2,3.1,2.8,2.5,3.2,2.5,2.38,3.2,2.63,2.4,3.2,2.6,2.3,3.2,2.62,1.95,1.75,2,1.8,1.85,1.95,0,1.85,2,0,1.85,2.05,0,2.397142857,3.192857143,2.621428571
E0,16/08/03,Man United,Bolton,4,0,H,1,0,H,P Durkin,13,15,6,5,12,8,8,4,0,4,0,0,1.286,4.5,10,1.3,4.8,9,1.3,4.2,8,1.25,4.5,10,1.25,5,8.5,1.25,5,9,1.22,5,9.5,1.65,2.1,1.66,2.2,1.95,1.85,-1.75,1.95,1.9,-1.75,2.05,1.85,-1.75,1.265142857,4.714285714,9.142857143
E0,16/08/03,Portsmouth,Aston Villa,2,1,H,1,0,H,G Barber,4,9,3,5,18,22,7,9,2,1,0,1,2.375,3.25,2.75,2.4,3.25,2.7,2.4,3,2.6,2.375,3.2,2.6,2.38,3.3,2.8,2.25,3.2,2.8,2.3,3.2,2.62,1.9,1.8,1.9,1.9,2.05,1.75,-0.25,2.1,1.75,-0.25,2.1,1.8,-0.25,2.354285714,3.2,2.695714286
E0,17/08/03,Charlton,Man City,0,3,A,0,2,A,M Dean,10,14,5,8,12,16,4,7,2,1,1,0,2.25,3.4,2.75,2.38,3.25,2.75,2.1,3.1,3,2.25,3.2,2.75,2.25,3.25,2.75,2.3,3.2,2.75,2.37,3.3,2.5,1.9,1.8,1.85,1.95,2.05,1.75,-0.25,2.05,1.8,-0.25,1.8,2.1,0,2.271428571,3.242857143,2.75
E0,17/08/03,Leeds,Newcastle,2,2,D,1,1,D,R Martin,8,19,3,10,19,16,4,8,4,2,0,0,2.75,3.25,2.375,2.85,3.25,2.3,2.7,3,2.3,2.8,3.2,2.2,2.9,3.4,2.25,2.62,3.2,2.37,3,3.2,2.1,1.8,1.9,1.8,2,1.8,2,0.25,1.8,2.05,0.25,1.825,2.075,0.25,2.802857143,3.214285714,2.270714286
E0,17/08/03,Liverpool,Chelsea,1,2,A,0,1,A,S Bennett,12,10,7,6,13,12,8,6,3,1,0,0,2.25,3.25,2.875,2.25,3.25,3.25,2.3,3,2.7,2.25,3.2,2.75,2.25,3.3,3,2.2,3.2,2.87,2.3,3,2.8,1.9,1.8,1.9,1.9,2.05,1.85,-0.25,2.05,1.8,-0.25,2.1,1.8,-0.25,2.257142857,3.171428571,2.892142857
E0,23/08/03,Bolton,Blackburn,2,2,D,2,0,H,A D'Urso,16,10,10,5,11,15,9,2,2,4,0,1,2.5,3.3,2.5,2.5,3.25,2.6,2.4,3,2.6,2.5,3.25,2.4,2.5,3.2,2.5,2.4,3.2,2.6,2.5,3.1,2.5,1.85,1.85,2,1.8,1.9,1.9,0,1.95,1.9,0,1.95,1.95,0,2.471428571,3.185714286,2.528571429
E0,23/08/03,Chelsea,Leicester,2,1,H,2,1,H,R Styles,17,5,7,1,12,18,7,2,0,3,1,2,1.25,5,10,1.26,5,10,1.25,4.5,9,1.25,4.5,10,1.22,5,10,1.25,5,9,1.22,5,9.5,1.6,2.15,1.75,2.05,1.75,2.05,-1.5,1.75,2.1,-1.5,1.775,2.125,-1.5,1.242857143,4.857142857,9.642857143
E0,23/08/03,Everton,Fulham,3,1,H,3,0,H,N Barry,10,23,8,15,15,14,4,10,2,4,0,0,1.8,3.4,4,1.85,3.3,4,1.8,3.1,3.8,1.727,3.4,4,1.67,3.4,4.5,1.72,3.25,4.33,1.72,3.4,4,1.9,1.79,2.1,1.7,1.8,2,-0.5,1.8,2.05,-0.5,1.85,2.05,-0.5,1.755285714,3.321428571,4.09
E0,23/08/03,Man City,Portsmouth,1,1,D,0,1,A,M Messias,21,4,11,2,8,22,11,7,2,3,0,0,1.667,3.6,4.5,1.67,3.4,5,1.65,3.3,4.4,1.615,3.5,4.5,1.67,3.4,4.5,1.66,3.4,4.5,1.66,3.4,4.33,1.85,1.85,1.9,1.9,1.8,2,-0.75,1.8,2.05,-0.75,1.825,2.075,-0.75,1.656,3.428571429,4.532857143
E0,23/08/03,Newcastle,Man United,1,2,A,1,0,H,U Rennie,7,11,5,8,18,14,2,4,2,2,0,0,3,3.2,2.2,3.1,3.4,2.1,3.1,3,2.1,2.75,3.25,2.2,3,3.4,2.2,3,3.25,2.1,2.87,3.1,2.2,1.65,2.05,1.7,2.1,2.3,1.6,0,2.1,1.75,0.25,2.025,1.875,0.25,2.974285714,3.228571429,2.157142857
E0,23/08/03,Southampton,Birmingham,0,0,D,0,0,D,Graham Barber,14,12,7,5,15,19,2,7,3,1,0,0,1.909,3.25,3.75,2,3.2,3.6,1.9,3.1,3.5,2,3.2,3.2,1.91,3.25,3.5,1.9,3.2,3.6,1.9,3.2,3.5,2,1.71,2.1,1.7,1.95,1.85,-0.5,2,1.85,-0.5,2,1.9,-0.5,1.931285714,3.2,3.521428571
E0,23/08/03,Tottenham,Leeds,2,1,H,1,1,D,S Dunn,20,5,4,2,14,14,6,0,1,2,0,0,2,3.25,3.4,2.1,3.2,3.3,2,3.1,3.2,2.1,3.2,3,2.1,3.25,3,2.2,3.2,2.9,2.1,3.2,3,1.85,1.85,1.95,1.85,2,1.8,-0.25,2,1.85,-0.25,2.025,1.875,-0.25,2.085714286,3.2,3.114285714
E0,23/08/03,Wolves,Charlton,0,4,A,0,4,A,P Dowd,10,8,4,6,11,7,5,2,2,1,0,1,2.375,3.25,2.7,2.35,3.3,2.75,2.2,3,2.9,2.25,3.2,2.75,2.38,3.2,2.62,2.25,3.2,2.8,2.25,3.1,2.8,1.85,1.85,2.05,1.75,2.05,1.75,-0.25,2.05,1.8,-0.25,1.8,2.1,0,2.293571429,3.178571429,2.76
E0,24/08/03,Aston Villa,Liverpool,0,0,D,0,0,D,P Durkin,14,15,9,9,16,7,8,9,0,1,0,0,3,3.2,2.2,3.1,3.3,2.15,3.1,3,2.1,2.75,3.25,2.2,3,3.4,2.2,2.87,3.2,2.2,3.1,3.1,2.1,1.85,1.85,2.05,1.75,1.95,1.85,0.25,,,,1.95,1.95,0.25,2.988571429,3.207142857,2.164285714
E0,24/08/03,Middlesbrough,Arsenal,0,4,A,0,3,A,D Gallagher,10,14,4,10,11,7,3,5,1,0,0,0,4,3.4,1.8,4.4,3.4,1.75,3.8,3.1,1.8,4,3.2,1.8,4.33,3.4,1.8,4.33,3.25,1.72,4.2,3.25,1.72,1.75,1.95,1.95,1.85,1.65,2.2,1,2.05,1.8,0.5,2.05,1.85,0.5,4.151428571,3.285714286,1.77
E0,25/08/03,Blackburn,Man City,2,3,A,1,1,D,A Wiley,14,13,10,5,14,10,9,0,2,1,0,0,2,3.25,3.4,2,3.2,3.5,1.85,3.1,3.6,2,3.4,3,1.91,3.5,3.75,1.9,3.25,3.5,2,3.2,3.2,1.79,1.9,1.9,1.9,1.95,1.85,-0.5,2,1.85,-0.5,2.1,1.8,-0.5,1.951428571,3.271428571,3.421428571
E0,26/08/03,Charlton,Everton,2,2,D,1,1,D,S Dunn,10,13,4,4,8,8,6,8,1,1,0,0,2.375,3.2,2.75,2.4,3.25,2.7,2.2,3,2.9,2.25,3.2,2.75,2.25,3.25,2.75,2.3,3.2,2.7,2.4,3.1,2.6,1.85,1.9,1.95,1.85,1.75,2.05,0,1.75,2.1,0,,,,2.310714286,3.171428571,2.735714286
E0,26/08/03,Leeds,Southampton,0,0,D,0,0,D,P Durkin,15,14,6,8,10,11,6,10,2,3,0,0,2,3.25,3.4,2.05,3.25,3.35,1.9,3.1,3.5,2,3.4,3,2,3.25,3.25,2,3.25,3.25,2,3.2,3.2,1.85,1.85,2,1.8,1.8,2,-0.25,1.85,2,-0.25,,,,1.992857143,3.242857143,3.278571429
E0,26/08/03,Leicester,Middlesbrough,0,0,D,0,0,D,G Barber,12,13,4,3,17,16,6,4,3,2,0,0,2.5,3.2,2.6,2.4,3.25,2.7,2.3,3,2.7,2.375,3.2,2.6,2.25,3.25,2.75,2.37,3.2,2.62,2.37,3.1,2.62,1.9,1.79,2.05,1.75,1.8,2,0,1.8,2.05,0,,,,2.366428571,3.171428571,2.655714286
E0,26/08/03,Portsmouth,Bolton,4,0,H,0,0,D,D Gallagher,13,13,8,4,12,14,0,4,2,4,0,0,2.1,3.25,3.2,2.1,3.25,3.25,2.2,3,2.9,2.1,3.2,3,2,3.25,3.25,2,3.25,3.25,2,3.2,3.2,1.9,1.79,1.95,1.85,1.8,2,-0.25,1.8,2.05,-0.25,,,,2.071428571,3.2,3.15
E0,27/08/03,Arsenal,Aston Villa,2,0,H,0,0,D,M Dean,14,6,6,3,16,16,2,6,3,4,0,0,1.286,5,8.5,1.26,5,10,1.3,4.2,8,1.25,4.5,10,1.25,5,8.5,1.25,5,8.5,1.28,4.5,8,1.6,2.15,1.8,2,1.8,2,-1.5,2.05,1.8,-1.75,1.875,2.025,-1.5,1.268,4.742857143,8.785714286
E0,27/08/03,Liverpool,Tottenham,0,0,D,0,0,D,U Rennie,22,9,10,4,20,27,8,5,2,5,0,0,1.5,3.5,7,1.53,3.5,6.5,1.55,3.5,4.8,1.533,3.5,5.5,1.57,3.4,5.5,1.53,3.4,6,1.5,3.4,6,1.79,1.9,1.95,1.85,2,1.8,-1,2.05,1.8,-1,2.1,1.8,-1,1.530428571,3.457142857,5.9
E0,27/08/03,Man United,Wolves,1,0,H,0,0,D,G Poll,14,12,5,2,6,12,10,2,2,2,0,0,1.143,6.5,15,1.13,7,16,1.15,6,12,1.167,5.5,12,1.12,7.5,17,1.12,6,17,1.11,6.5,15,1.4,2.65,1.44,2.62,1.8,2,-2.25,1.85,2,-2.25,1.875,2.025,-2.25,1.134285714,6.428571429,14.85714286
E0,30/08/03,Aston Villa,Leicester,3,1,H,3,0,H,S Bennett,10,5,8,4,18,17,11,1,1,2,0,1,1.667,3.4,5,1.7,3.4,4.7,1.75,3.2,4,1.667,3.25,4.5,1.73,3.25,4.33,1.72,3.25,4.33,1.72,3.2,4.33,1.85,1.85,2.05,1.75,2.2,1.65,-1,,,,2.075,1.825,-0.75,1.707714286,3.278571429,4.455714286
E0,30/08/03,Bolton,Charlton,0,0,D,0,0,D,A Wiley,13,7,9,1,18,16,12,3,4,2,0,0,2.3,3.25,2.8,2.3,3.3,2.8,2.1,3.1,3,2.25,3.2,2.75,2.1,3.25,3,2.1,3.25,3,2.2,3.25,2.75,1.9,1.79,1.95,1.85,1.95,1.85,-0.25,2,1.85,-0.25,2.05,1.85,-0.25,2.192857143,3.228571429,2.871428571
E0,30/08/03,Chelsea,Blackburn,2,2,D,1,1,D,M Dean,12,7,5,4,11,19,3,4,0,4,0,0,1.5,3.6,6.5,1.53,3.55,6.25,1.55,3.5,4.8,1.4,3.75,7,1.44,3.75,6.5,1.44,3.75,6.5,1.5,3.4,6,1.6,2.15,1.8,2,2.2,1.65,-1.25,1.8,2.05,-1,2.1,1.8,-1.25,1.48,3.614285714,6.221428571
E0,30/08/03,Everton,Liverpool,0,3,A,0,1,A,M Riley,11,18,5,11,22,17,9,5,3,3,0,0,2.6,3.2,2.5,2.65,3.1,2.55,2.5,3,2.5,2.5,3.2,2.5,2.6,3.25,2.6,2.5,3.2,2.5,2.5,3.1,2.5,1.9,1.79,2,1.8,2,1.8,0,2.05,1.8,0,2.075,1.825,0,2.55,3.15,2.521428571
E0,30/08/03,Middlesbrough,Leeds,2,3,A,0,1,A,N Barry,27,8,16,4,17,21,6,3,2,3,0,0,2,3.25,3.4,2.2,3.25,3,2.1,3,3.1,2,3.2,3.2,2.1,3.25,3,2.1,3.25,3,2,3.2,3.2,1.85,1.85,2,1.8,1.85,1.95,-0.25,1.8,2.05,-0.25,1.85,2.05,-0.25,2.071428571,3.2,3.128571429
E0,30/08/03,Newcastle,Birmingham,0,1,A,0,0,D,M Messias,19,7,10,3,15,15,9,6,2,1,0,0,1.533,3.4,6.5,1.55,3.55,6.1,1.55,3.5,4.8,1.5,3.4,6,1.5,3.5,6,1.5,3.5,6,1.5,3.4,6,1.75,1.95,1.8,2,2,1.8,-1,2.1,1.75,-1,2.075,1.825,-1,1.519,3.464285714,5.914285714
E0,30/08/03,Tottenham,Fulham,0,3,A,0,1,A,J Winter,18,9,6,5,15,13,9,4,0,2,0,0,1.667,3.4,5,1.75,3.4,4.4,1.8,3.1,3.8,1.727,3.2,4.333,1.67,3.4,4.5,1.72,3.25,4.33,1.72,3.2,4.33,1.85,1.85,2,1.8,1.7,2.1,-0.5,2,1.85,-0.75,2,1.9,-0.75,1.722,3.278571429,4.384714286
E0,30/08/03,Wolves,Portsmouth,0,0,D,0,0,D,A D'Urso,11,9,2,2,15,16,4,6,3,5,0,0,2.75,3.2,2.375,2.7,3.3,2.4,2.4,3.2,2.4,2.625,3.4,2.25,2.5,3.2,2.5,2.5,3.2,2.5,2.62,3.2,2.3,1.85,1.85,1.95,1.85,1.75,2.05,0.25,2.05,1.8,0,2,1.9,0,2.585,3.242857143,2.389285714
E0,31/08/03,Man City,Arsenal,1,2,A,1,0,H,G Poll,11,10,7,5,12,11,5,5,4,3,0,0,4,3.4,1.8,4.3,3.45,1.75,4.2,3.2,1.7,4.333,3.6,1.615,4.33,3.4,1.8,4.33,3.25,1.72,4.5,3.3,1.66,1.6,2.15,1.8,2,1.5,2.4,1,2.1,1.75,0.5,2.075,1.825,0.5,4.284714286,3.371428571,1.720714286
E0,31/08/03,Southampton,Man United,1,0,H,0,0,D,M Halsey,12,10,5,9,8,10,9,5,1,0,0,0,5,3.4,1.667,4.9,3.5,1.65,4.4,3.3,1.65,5,3.5,1.571,5,3.6,1.67,5,3.4,1.61,5,3.5,1.57,1.65,2.05,1.75,2.05,1.77,2.05,1,2,1.85,0.75,2.075,1.825,0.75,4.9,3.457142857,1.626857143
E0,13/09/03,Arsenal,Portsmouth,1,1,D,1,1,D,A Wiley,12,8,7,2,11,19,7,1,2,3,0,0,1.28,4.5,10,1.27,5,10,1.3,4.2,8,1.222,5,10,1.22,5,10,1.22,5,10,1.22,5,9.5,1.6,2.25,1.61,2.25,1.85,1.95,-1.5,1.9,1.95,-1.5,1.85,2.05,-1.5,1.247428571,4.814285714,9.642857143
E0,13/09/03,Blackburn,Liverpool,1,3,A,1,1,D,N Barry,8,21,5,14,13,11,5,10,2,2,1,0,2.8,3.25,2.3,2.75,3.2,2.4,2.7,3,2.3,2.5,3.2,2.5,2.62,3.2,2.38,2.62,3.2,2.37,2.6,3.1,2.4,1.85,1.85,1.95,1.85,2.05,1.77,0,2.05,1.8,0,2.025,1.875,-1.5,2.655714286,3.164285714,2.378571429
E0,13/09/03,Bolton,Middlesbrough,2,0,H,1,0,H,P Dowd,13,7,8,6,17,14,10,1,3,3,0,0,2.3,3.2,2.87,2.3,3.2,2.9,2.2,3,2.9,2.375,3,2.75,2.2,3.25,2.8,2.25,3.2,2.8,2.25,3.1,2.8,1.95,1.75,2,1.8,1.95,1.85,-0.25,,,,2.1,1.8,-0.25,2.267857143,3.135714286,2.831428571
E0,13/09/03,Charlton,Man United,0,2,A,0,0,D,M Riley,8,14,3,9,19,18,3,3,2,2,1,0,5,3.6,1.61,5.5,3.65,1.57,4.4,3.3,1.65,4.5,3.5,1.615,5.5,3.5,1.53,5.5,3.4,1.57,5,3.5,1.57,1.71,2,1.8,2,1.8,2,1,1.85,2,1,2.1,1.8,0.5,5.057142857,3.492857143,1.587857143
E0,13/09/03,Chelsea,Tottenham,4,2,H,2,1,H,G Poll,12,9,6,3,16,20,10,3,1,4,0,0,1.53,3.6,6,1.5,3.65,6.65,1.55,3.5,4.8,1.533,3.5,5.5,1.44,3.5,7,1.5,3.5,6,1.53,3.25,6,1.8,1.9,1.75,2.05,1.95,1.85,-1.25,2,1.85,-1.25,2.075,1.825,-1.25,1.511857143,3.5,5.992857143
E0,13/09/03,Everton,Newcastle,2,2,D,0,0,D,R Styles,9,4,7,2,20,21,6,3,5,5,1,1,2.37,3.2,2.75,2.4,3.2,2.75,2.3,3,2.7,2.4,3.25,2.5,2.38,3.2,2.62,2.3,3.2,2.7,2.37,3.1,2.62,1.8,1.9,1.9,1.9,1.8,2,0,1.8,2.05,0,1.8,2.1,-1.25,2.36,3.164285714,2.662857143
E0,13/09/03,Southampton,Wolves,2,0,H,1,0,H,U Rennie,15,10,10,3,16,20,7,3,3,5,0,0,1.61,3.4,5.5,1.6,3.55,5.4,1.7,3.2,4.2,1.615,3.25,5,1.57,3.4,5.5,1.57,3.4,5.5,1.57,3.5,5,1.85,1.85,1.95,1.85,1.8,2.05,-0.75,1.8,2.05,-0.75,1.85,2.05,-0.75,1.605,3.385714286,5.157142857
E0,14/09/03,Birmingham,Fulham,2,2,D,1,1,D,S Dunn,15,8,9,6,16,21,8,1,1,4,1,1,1.83,3.25,4,1.95,3.25,3.6,2,3.1,3.2,1.833,3,4,1.8,3.4,4.33,1.83,3.3,3.75,1.83,3.2,3.75,1.9,1.79,2.05,1.75,1.9,1.9,-0.5,2.05,1.8,-0.5,2.025,1.875,-0.5,1.867571429,3.214285714,3.804285714
E0,14/09/03,Man City,Aston Villa,4,1,H,0,1,A,M Halsey,17,8,9,4,11,11,4,3,0,1,0,0,1.83,3.25,4,1.95,3.25,3.65,2,3.1,3.2,1.833,3,4,2,3.4,3.5,1.83,3.3,3.75,1.83,3.3,3.6,1.79,1.9,1.9,1.9,1.9,1.9,-0.5,1.95,1.9,-0.5,1.975,1.925,-0.5,1.896142857,3.228571429,3.671428571
E0,15/09/03,Leicester,Leeds,4,0,H,2,0,H,J Winter,19,14,11,2,10,10,9,5,0,2,0,0,2.6,3.2,2.5,2.65,3.2,2.5,2.4,3.2,2.4,2.5,3.2,2.5,2.75,3.4,2.38,2.5,3.2,2.5,2.5,3.1,2.5,1.85,1.85,2,1.8,1.77,2.05,0.25,2.05,1.8,0,2.025,1.875,-0.5,2.557142857,3.214285714,2.468571429
E0,20/09/03,Aston Villa,Charlton,2,1,H,1,0,H,C Foy,15,8,6,3,13,13,10,2,3,2,0,0,1.9,3.25,3.75,1.9,3.3,3.75,1.8,3.1,3.8,1.909,3.2,3.5,1.83,3.25,3.75,1.85,3.25,3.75,1.83,3.2,3.75,1.85,1.85,2,1.8,1.65,2.15,-0.25,1.9,1.95,-0.5,2,1.9,-0.5,1.859857143,3.221428571,3.721428571
E0,20/09/03,Fulham,Man City,2,2,D,0,0,D,P Dowd,13,7,9,6,14,19,2,4,2,5,0,0,2.3,3.25,2.8,2.4,3.25,2.7,2.3,3,2.7,2.25,3.2,2.75,2.38,3.2,2.62,2.37,3.2,2.62,2.5,3.1,2.5,1.85,1.85,1.9,1.9,1.8,2,0,1.85,2,0,1.85,2.05,0,2.357142857,3.171428571,2.67
E0,20/09/03,Leeds,Birmingham,0,2,A,0,0,D,D Gallagher,12,7,6,3,15,14,6,1,4,2,1,0,2.1,3.25,3.2,2.15,3.25,3.15,2.1,3,3.1,2.1,3.2,3,2.1,3.25,3,2.1,3.25,3,2.2,3.25,2.75,1.85,1.85,2.05,1.75,1.9,1.9,-0.25,1.85,2,-0.25,1.85,2.05,-0.25,2.121428571,3.207142857,3.028571429
E0,20/09/03,Liverpool,Leicester,2,1,H,1,0,H,M Halsey,19,9,8,3,10,9,4,4,0,0,0,0,1.3,4.5,9.5,1.32,4.3,10,1.35,4,7,1.333,3.75,9,1.33,4,8.5,1.33,4.2,8,1.33,4,8,1.65,2.05,1.8,2,1.75,2.08,-1.25,1.8,2.05,-1.25,1.825,2.075,-1.25,1.327571429,4.107142857,8.571428571
E0,20/09/03,Newcastle,Bolton,0,0,D,0,0,D,Graham Barber,14,8,7,6,15,12,7,5,1,1,0,0,1.5,3.6,6.5,1.53,3.5,6.5,1.55,3.5,4.8,1.5,3.4,6,1.53,3.5,5.5,1.53,3.4,6,1.5,3.4,6,1.71,2,1.8,2,1.92,1.9,-1,1.85,2,-1,1.9,2,-1,1.52,3.471428571,5.9
E0,20/09/03,Portsmouth,Blackburn,1,2,A,0,2,A,P Durkin,9,12,6,10,17,18,7,6,2,3,0,0,2.25,3.25,2.87,2.3,3.25,2.87,2.3,3,2.7,2.1,3.2,3,2.25,3.25,2.75,2.25,3.2,2.8,2.3,3.2,2.62,1.71,2,1.95,1.85,2,1.8,-0.25,2,1.85,-0.25,2.05,1.85,-0.25,2.25,3.192857143,2.801428571
E0,20/09/03,Tottenham,Southampton,1,3,A,0,2,A,A D'Urso,13,12,6,10,15,14,4,7,1,1,0,0,2,3.25,3.4,2.1,3.25,3.25,1.9,3.1,3.5,2.2,3.2,2.8,2,3.25,3.25,2,3.25,3.25,2,3.2,3.2,1.85,1.85,2,1.8,1.85,1.95,-0.25,1.85,2,-0.25,1.825,2.075,-0.25,2.028571429,3.214285714,3.235714286
E0,20/09/03,Wolves,Chelsea,0,5,A,0,2,A,M Messias,8,14,4,8,15,15,1,3,2,3,0,0,6.5,3.6,1.5,5.95,3.65,1.5,5,3.7,1.5,6,3.4,1.5,7.5,4,1.44,6,3.6,1.5,6.5,3.6,1.44,1.65,2.05,1.7,2.1,1.95,1.85,1.25,2,1.85,1.25,1.95,1.95,1.25,6.207142857,3.65,1.482857143
E0,21/09/03,Man United,Arsenal,0,0,D,0,0,D,S Bennett,9,6,7,1,11,15,4,3,4,3,0,1,2,3.25,3.4,2.15,3.25,3.2,2.1,3,3.1,2.1,3.2,3,2,3.4,3.5,2.2,3.1,3,2.2,2.87,3.1,1.75,1.95,1.8,2,1.9,1.92,-0.25,1.85,2,-0.25,1.875,2.025,-0.25,2.107142857,3.152857143,3.185714286
E0,21/09/03,Middlesbrough,Everton,1,0,H,1,0,H,A Wiley,9,9,4,5,12,14,4,6,2,3,0,0,2.3,3.25,2.8,2.33,3.25,2.82,2.3,3,2.7,2.2,3.2,2.8,2.4,3.25,2.8,2.3,3.2,2.7,2.3,3.2,2.62,1.85,1.85,1.95,1.85,2.08,1.78,-0.25,2.05,1.8,-0.25,2.025,1.875,-0.25,2.304285714,3.192857143,2.748571429
E0,26/09/03,Arsenal,Newcastle,3,2,H,1,1,D,M Riley,11,5,7,4,13,17,3,4,0,1,0,0,1.53,3.5,5.5,1.55,3.7,5.7,1.5,3.7,5,1.444,3.75,6,1.5,3.75,7,1.5,3.5,6,1.5,3.4,6,1.79,1.9,1.75,2.05,1.9,1.9,-1,2.05,1.8,-1,2.05,1.85,-1,1.503428571,3.614285714,5.885714286
E0,27/09/03,Birmingham,Portsmouth,2,0,H,1,0,H,S Bennett,7,10,5,5,10,16,4,4,1,3,0,0,1.9,3.25,3.75,2,3.25,3.5,1.9,3.1,3.5,1.833,3.2,3.75,1.91,3.25,3.5,1.9,3.25,3.5,2,3.2,3.2,1.9,1.79,2,1.8,2,1.8,-0.5,2.05,1.8,-0.5,2,1.9,-0.5,1.920428571,3.214285714,3.528571429
E0,27/09/03,Bolton,Wolves,1,1,D,0,1,A,M Dean,22,8,14,4,16,4,12,3,2,0,0,0,1.61,3.6,5,1.67,3.45,5,1.65,3.3,4.4,1.667,3.4,4.333,1.62,3.4,5,1.61,3.4,5,1.72,3.2,4.33,1.85,1.85,1.9,1.9,1.8,2,-0.75,1.8,2.05,-0.75,1.85,2.05,-0.75,1.649571429,3.392857143,4.723285714
E0,27/09/03,Chelsea,Aston Villa,1,0,H,1,0,H,J Winter,10,7,5,1,7,9,6,5,0,2,0,0,1.33,4.33,8.5,1.35,4.3,8.5,1.35,4,7,1.333,4,8,1.3,4.33,8.5,1.36,4,7.5,1.3,4.2,8.5,1.71,2,1.7,2.1,2,1.8,-1.5,2,1.85,-1.5,2.05,1.85,-1.5,1.331857143,4.165714286,8.071428571
E0,27/09/03,Leicester,Man United,1,4,A,0,3,A,G Poll,10,11,4,9,7,11,7,3,0,0,0,0,6.5,3.6,1.5,6.5,3.7,1.5,4.8,3.5,1.55,6.5,3.6,1.444,6.5,3.75,1.44,6,3.6,1.5,7,3.5,1.44,1.71,2,1.8,2,1.95,1.85,1,2,1.85,1,1.975,1.925,1,6.257142857,3.607142857,1.482
E0,27/09/03,Southampton,Middlesbrough,0,1,A,0,1,A,B Knight,10,12,6,9,12,19,4,4,4,3,1,0,1.8,3.2,4.33,1.8,3.25,4.4,1.8,3.1,3.8,1.727,3.2,4.333,1.67,3.4,4.5,1.8,3.25,4,1.66,3.4,4.33,1.9,1.79,2.05,1.75,1.8,2,-0.5,1.8,2.05,-0.5,1.85,2.05,-0.5,1.751,3.257142857,4.241857143
E0,28/09/03,Blackburn,Fulham,0,2,A,0,1,A,M Messias,6,7,0,2,14,11,5,5,2,4,0,0,1.8,3.4,4,1.75,3.35,4.5,1.8,3.1,3.8,1.667,3.4,4.333,1.73,3.25,4.33,1.72,3.25,4.33,1.66,3.3,4.5,1.79,1.9,1.85,1.95,2,1.8,-0.75,2,1.85,-0.75,2.05,1.85,-0.75,1.732428571,3.292857143,4.256142857
E0,28/09/03,Charlton,Liverpool,3,2,H,2,1,H,R Styles,14,17,5,9,11,9,7,5,2,1,0,0,4.33,3.2,1.8,4.15,3.25,1.85,3.6,3.1,1.85,3.75,3.25,1.8,4.33,3.4,1.8,4,3.25,1.8,4.2,3.25,1.72,1.9,1.79,1.9,1.9,1.95,1.85,0.5,2,1.85,0.5,2,1.9,0.5,4.051428571,3.242857143,1.802857143
E0,28/09/03,Everton,Leeds,4,0,H,3,0,H,P Durkin,20,6,9,2,11,15,11,4,0,2,0,0,1.83,3.25,4,1.85,3.33,4,1.8,3.1,3.8,1.727,3.4,4,1.73,3.25,4.33,1.72,3.3,4.33,1.8,3.3,3.75,1.9,1.79,1.85,1.95,1.85,1.95,-0.5,2,1.85,-0.75,1.8,2.1,-0.5,1.779571429,3.275714286,4.03
E0,28/09/03,Man City,Tottenham,0,0,D,0,0,D,N Barry,21,4,10,2,7,15,6,6,2,1,0,0,1.72,3.4,4.5,1.75,3.4,4.4,1.85,3.1,3.6,1.667,3.4,4.333,1.73,3.5,4.75,1.75,3.25,4.2,1.72,3.4,4,1.75,1.95,1.75,2.05,1.95,1.85,-0.75,2.05,1.8,-0.75,2.05,1.85,-0.75,1.741,3.35,4.254714286
E0,4/10/2003,Fulham,Leicester,2,0,H,1,0,H,C Foy,16,8,8,4,14,10,4,4,2,1,0,0,1.61,3.6,5,1.71,3.5,4.5,1.65,3.3,4.4,1.615,3.5,4.5,1.62,3.4,5,1.66,3.4,4.5,1.66,3.3,4.5,1.85,1.85,1.8,2,1.9,1.9,-0.75,1.85,2,-0.75,1.9,2,-0.75,1.646428571,3.428571429,4.628571429
E0,4/10/2003,Leeds,Blackburn,2,1,H,2,0,H,U Rennie,15,17,5,9,18,20,2,5,3,1,0,0,2.5,3.3,2.5,2.5,3.25,2.6,2.3,3.1,2.6,2.4,3.25,2.5,2.63,3.2,2.38,2.37,3.2,2.62,2.6,3.4,2.25,1.79,1.9,1.9,1.9,1.9,1.9,0,2,1.85,0,1.975,1.925,0,2.471428571,3.242857143,2.492857143
E0,4/10/2003,Liverpool,Arsenal,1,2,A,1,1,D,G Barber,13,12,7,8,12,20,11,3,2,2,0,0,2.5,3.3,2.5,2.45,3.25,2.65,2.4,3,2.6,2.6,3.2,2.375,2.5,3.4,2.6,2.4,3.2,2.6,2.6,3.1,2.4,1.85,1.85,1.9,1.9,1.87,1.95,0,1.9,1.95,0,1.9,2,0,2.492857143,3.207142857,2.532142857
E0,4/10/2003,Man United,Birmingham,3,0,H,1,0,H,M Dean,10,5,8,2,13,11,5,1,0,1,0,1,1.3,4.5,9.5,1.31,4.5,9,1.35,4,7,1.333,3.75,9,1.29,4.5,8.5,1.28,4.5,9,1.28,4.5,8,1.65,2.1,1.75,2.05,1.9,1.9,-1.5,1.95,1.9,-1.5,1.975,1.925,-1.5,1.306142857,4.321428571,8.571428571
E0,4/10/2003,Newcastle,Southampton,1,0,H,1,0,H,P Dowd,14,7,9,4,14,10,8,4,3,2,0,0,1.72,3.5,4.33,1.87,3.45,3.65,1.7,3.2,4.2,1.667,3.25,4.5,1.8,3.4,3.75,1.72,3.25,4.33,1.72,3.4,4,1.79,1.9,1.95,1.85,1.87,1.95,-0.5,1.8,2.05,-0.5,1.825,2.075,-0.5,1.742428571,3.35,4.108571429
E0,4/10/2003,Portsmouth,Charlton,1,2,A,1,0,H,G Poll,16,11,8,6,20,14,6,9,3,2,0,0,2.1,3.25,3.2,2.05,3.25,3.4,1.9,3.1,3.5,2.2,3.2,2.8,2,3.25,3.25,2,3.25,3.25,2,3.2,3.2,1.85,1.85,1.95,1.85,1.85,1.95,-0.25,1.9,1.95,-0.25,1.875,2.025,-0.25,2.035714286,3.214285714,3.228571429
E0,4/10/2003,Tottenham,Everton,3,0,H,1,0,H,D Gallagher,13,12,7,4,15,14,2,6,2,2,0,0,2.25,3.25,2.87,2.27,3.33,2.85,2,3.1,3.2,2.1,3.2,3,2.2,3.2,2.88,2.2,3.2,2.87,2.1,3.2,3,1.85,1.85,1.9,1.9,2,1.8,-0.25,2,1.85,-0.25,2.05,1.85,-0.25,2.16,3.211428571,2.952857143
E0,4/10/2003,Wolves,Man City,1,0,H,0,0,D,J Winter,8,9,4,5,13,7,3,10,3,2,0,0,3.25,3.5,2,3.5,3.25,2,3.2,3.1,2,3.75,3.25,1.8,3.5,3.25,1.91,3.25,3.25,2,3.6,3.3,1.83,1.75,1.95,1.8,2,1.8,2,0.5,1.9,1.95,0.5,1.85,2.05,0.5,3.435714286,3.271428571,1.934285714
E0,5/10/2003,Aston Villa,Bolton,1,1,D,0,0,D,R Styles,14,15,8,5,14,16,9,5,1,5,0,0,1.8,3.4,4,1.8,3.4,4.1,1.75,3.2,4,1.727,3.2,4.333,1.73,3.6,4.5,1.72,3.25,4.33,1.72,3.2,4.33,1.95,1.75,2.05,1.75,1.8,2,-0.5,1.8,2.05,-0.5,1.9,2,-0.5,1.749571429,3.321428571,4.227571429
E0,5/10/2003,Middlesbrough,Chelsea,1,2,A,0,1,A,M Halsey,15,10,6,6,14,18,2,8,1,2,0,0,4.33,3.5,1.72,4.25,3.33,1.8,4,3.2,1.75,4.5,3.25,1.667,4.75,3.4,1.73,4.2,3.4,1.72,4.5,3.3,1.66,1.75,1.95,1.9,1.9,2,1.8,0.5,2.05,1.8,0.5,1.8,2.1,0.75,4.361428571,3.34,1.721
E0,14/10/03,Birmingham,Chelsea,0,0,D,0,0,D,N Barry,6,13,2,8,10,14,2,18,2,4,0,0,4.33,3.5,1.72,4.2,3.4,1.8,3.8,3.1,1.8,4,3.4,1.727,4,3.25,1.8,4,3.25,1.8,4.2,3.25,1.72,1.81,1.92,1.95,1.85,2,1.82,0.5,2.1,1.75,0.5,2.05,1.85,0.5,4.075714286,3.307142857,1.766714286
E0,18/10/03,Arsenal,Chelsea,2,1,H,1,1,D,P Durkin,13,7,9,3,11,13,6,3,1,2,0,0,2.2,3.2,3,2.15,3.25,3.1,2.1,3,3.1,2,3.4,3,2.2,3.25,2.8,2.2,3.2,2.87,2.2,3.2,2.8,1.85,1.85,1.8,2,1.9,1.93,-0.25,1.9,1.95,-0.25,2.025,1.875,-0.25,2.15,3.214285714,2.952857143
E0,18/10/03,Fulham,Wolves,0,0,D,0,0,D,H Webb,9,14,4,6,12,11,4,11,2,2,0,0,1.57,3.6,5.5,1.6,3.4,5.55,1.6,3.4,4.6,1.571,3.5,5,1.57,3.4,5.5,1.57,3.4,5.5,1.57,3.3,5.5,1.85,1.85,1.8,2,1.8,2,-0.75,1.8,2.05,-0.75,1.85,2.05,-0.75,1.578714286,3.428571429,5.307142857
E0,18/10/03,Leeds,Man United,0,1,A,0,0,D,G Poll,3,18,2,10,19,8,7,2,4,1,0,0,5,3.6,1.61,4.75,3.5,1.66,4.4,3.3,1.65,4.5,3.25,1.667,5.5,3.5,1.53,5,3.4,1.61,5.5,3.3,1.57,1.71,2,1.8,2,2.03,1.8,0.75,2.1,1.75,0.75,2.1,1.8,0.75,4.95,3.407142857,1.613857143
E0,18/10/03,Man City,Bolton,6,2,H,1,1,D,S Bennett,16,12,13,8,11,8,7,4,1,1,1,0,1.66,3.4,5,1.65,3.4,4.95,1.8,3.1,3.8,1.667,3.25,4.5,1.7,3.25,4.5,1.7,3.25,4.5,1.66,3.3,4.5,1.75,1.95,1.85,1.95,1.9,1.9,-0.75,1.95,1.9,-0.75,1.9,2,-0.75,1.691,3.278571429,4.535714286
E0,18/10/03,Middlesbrough,Newcastle,0,1,A,0,1,A,A Wiley,11,4,7,3,17,12,8,2,3,3,0,0,2.5,3.3,2.5,2.55,3.25,2.55,2.4,3.2,2.4,2.5,3.25,2.4,2.5,3.2,2.5,2.5,3.2,2.5,2.6,3.1,2.4,1.85,1.85,1.95,1.85,2,1.8,0,1.95,1.9,0,1.95,1.95,0,2.507142857,3.214285714,2.464285714
E0,18/10/03,Portsmouth,Liverpool,1,0,H,1,0,H,S Dunn,10,13,6,7,22,10,5,3,2,2,0,0,4,3.25,1.83,3.6,3.3,1.95,3.4,3.2,1.9,3.75,3.25,1.8,3.5,3.25,1.91,3.5,3.25,1.9,3.75,3.2,1.83,1.9,1.79,1.9,1.9,1.85,1.95,0.5,1.9,1.95,0.5,1.9,2,0.5,3.642857143,3.242857143,1.874285714
E0,19/10/03,Birmingham,Aston Villa,0,0,D,0,0,D,M Riley,4,2,3,1,16,20,3,4,2,1,0,0,2.25,3,3.1,2.15,3.25,3.15,2,3.1,3.2,2.1,3.2,3,2.2,3.25,2.8,2.2,3.2,2.87,2.1,3.1,3.1,1.95,1.75,2.15,1.66,1.95,1.85,-0.25,1.9,1.95,-0.25,1.975,1.925,-0.25,2.142857143,3.157142857,3.031428571
E0,19/10/03,Everton,Southampton,0,0,D,0,0,D,M Messias,13,19,6,7,11,6,8,6,1,2,0,0,2,3.25,3.4,1.95,3.3,3.5,1.85,3.2,3.5,2.1,3.2,3,2,3.4,3.5,1.9,3.25,3.5,2,3.2,3.2,1.85,1.85,1.9,1.9,2,1.8,-0.5,2.05,1.8,-0.5,1.85,2.05,-0.25,1.971428571,3.257142857,3.371428571
E0,19/10/03,Leicester,Tottenham,1,2,A,1,0,H,A D'Urso,22,7,15,4,12,19,5,1,3,3,0,0,2.6,3.2,2.5,2.55,3.2,2.55,2.4,3.2,2.4,2.6,3.2,2.375,2.6,3.4,2.5,2.5,3.2,2.5,2.62,3.1,2.37,1.79,1.9,1.9,1.9,1.95,1.88,0,2,1.85,0,1.975,1.925,0,2.552857143,3.214285714,2.456428571
E0,20/10/03,Blackburn,Charlton,0,1,A,0,1,A,G Barber,15,10,6,5,17,12,5,3,3,0,0,0,1.9,3.25,3.75,1.9,3.25,3.8,1.85,3.2,3.5,1.83,3.2,3.75,1.91,3.4,3.75,1.85,3.25,3.75,1.8,3.25,3.8,1.75,1.95,1.85,1.95,1.9,1.9,-0.5,1.9,1.95,-0.5,1.975,1.925,-0.5,1.862857143,3.257142857,3.728571429
E0,21/10/03,Fulham,Newcastle,2,3,A,2,1,H,B Knight,4,11,4,7,14,16,4,8,2,2,0,0,2.5,3.2,2.6,2.6,3.2,2.5,2.4,3.2,2.4,2.38,3.2,2.6,2.62,3.2,2.38,2.6,3.2,2.4,2.62,3.2,2.3,1.85,1.85,1.9,1.9,1.9,1.9,0,1.85,2,0,1.875,2.025,0,2.531428571,3.2,2.454285714
E0,25/10/03,Aston Villa,Everton,0,0,D,0,0,D,A D'Urso,16,8,6,2,11,12,9,3,0,1,0,0,2,3.25,3.4,2.05,3.3,3.3,2,3.1,3.2,1.909,3.2,3.5,2,3.25,3.25,2,3.25,3.25,1.9,3.1,3.6,1.85,1.85,2,1.8,1.85,1.95,-0.25,1.8,2.05,-0.25,1.85,2.05,-0.25,1.979857143,3.207142857,3.357142857
E0,25/10/03,Bolton,Birmingham,0,1,A,0,1,A,C Foy,16,7,7,3,14,16,7,3,1,2,0,0,2.4,3.2,2.7,2.4,3.15,2.8,2.2,3,2.9,2.375,3.2,2.6,2.5,3.3,2.63,2.37,3.2,2.62,2.37,3.1,2.62,1.95,1.75,2.1,1.7,2.05,1.75,-0.25,1.75,2.1,0,1.8,2.1,0,2.373571429,3.164285714,2.695714286
E0,25/10/03,Chelsea,Man City,1,0,H,1,0,H,P Dowd,7,9,4,6,8,8,1,5,0,0,0,0,1.5,3.5,7,1.51,3.75,5.85,1.55,3.5,4.8,1.444,3.75,6,1.44,3.75,6.5,1.44,3.75,6.5,1.5,3.6,5.5,1.65,2.1,1.7,2.1,1.9,1.9,-1,1.9,1.95,-1,1.9,2,-1,1.483428571,3.657142857,6.021428571
E0,25/10/03,Liverpool,Leeds,3,1,H,1,1,D,J Winter,20,7,9,5,11,13,9,3,0,2,0,0,1.5,3.5,7,1.51,3.75,5.85,1.55,3.5,4.8,1.5,3.4,6,1.44,3.75,6.5,1.5,3.5,6,1.5,3.4,6,1.79,1.9,1.8,2,1.9,1.9,-1,1.95,1.9,-1,1.975,1.925,-1,1.5,3.542857143,6.021428571
E0,25/10/03,Man United,Fulham,1,3,A,1,1,D,M Riley,17,12,9,7,10,14,10,2,4,2,0,0,1.25,5,10,1.3,4.75,9,1.25,4.5,9,1.25,4.5,10,1.22,5,10,1.22,5,10,1.16,5.5,12,1.65,2.1,1.75,2.05,1.85,1.95,-1.5,1.85,2,-1.5,1.9,2,-1.5,1.235714286,4.892857143,10
E0,25/10/03,Newcastle,Portsmouth,3,0,H,2,0,H,P Durkin,10,9,8,4,12,14,6,6,0,1,0,0,1.53,3.6,6,1.6,3.5,5.5,1.55,3.5,4.8,1.571,3.25,5.5,1.57,3.4,5.5,1.57,3.4,5.5,1.57,3.5,5,1.79,1.9,1.85,1.95,1.9,1.9,-0.75,1.85,2,-0.75,1.85,2.05,-0.75,1.565857143,3.45,5.4
E0,25/10/03,Southampton,Blackburn,2,0,H,0,0,D,S Bennett,22,6,15,3,17,14,5,3,0,1,0,1,2,3.25,3.4,2.1,3.2,3.3,1.9,3.2,3.4,1.909,3.25,3.4,2,3.25,3.25,2,3.25,3.25,2,3.2,3.2,1.95,1.75,1.95,1.85,1.9,1.9,-0.25,1.85,2,-0.25,1.875,2.025,-0.25,1.987,3.228571429,3.314285714
E0,25/10/03,Wolves,Leicester,4,3,H,0,3,A,P Walton,12,7,8,5,6,13,2,6,0,2,0,0,2.1,3.25,3.2,2.2,3.2,3.1,1.9,3.2,3.4,2.2,3.2,2.8,2.2,3.2,2.88,2.2,3.2,2.87,2.1,3.2,3,2,1.71,2,1.8,1.95,1.85,-0.25,1.95,1.9,-0.25,2,1.9,-0.25,2.128571429,3.207142857,3.035714286
E0,26/10/03,Charlton,Arsenal,1,1,D,1,1,D,S Dunn,6,11,4,6,15,13,7,5,1,1,0,0,5,3.6,1.61,5.5,3.5,1.6,4.4,3.3,1.65,5,3.5,1.571,5.5,3.75,1.57,5,3.4,1.61,5.5,3.4,1.53,1.65,2.1,1.8,2,1.95,1.85,0.75,1.9,1.95,0.75,1.9,2,0.75,5.128571429,3.492857143,1.591571429
E0,26/10/03,Tottenham,Middlesbrough,0,0,D,0,0,D,M Dean,12,16,8,10,14,10,8,5,3,2,0,0,1.83,3.25,4,1.95,3.25,3.7,1.9,3.2,3.4,1.727,3.4,4,1.91,3.25,4,1.83,3.3,3.75,1.8,3.3,3.75,1.85,1.85,1.9,1.9,1.95,1.85,-0.5,2.05,1.8,-0.5,2.1,1.8,-0.5,1.849571429,3.278571429,3.8
E0,1/11/2003,Everton,Chelsea,0,1,A,0,0,D,J Winter,12,17,4,7,5,11,3,1,0,0,0,0,4.5,3.4,1.72,3.8,3.3,1.9,3.5,3.1,1.9,4,3.4,1.73,4,3.25,1.8,4,3.25,1.8,4.2,3.25,1.72,1.75,1.95,1.8,2,1.9,1.9,0.5,1.95,1.9,0.5,1.975,1.925,0.5,4,3.278571429,1.795714286
E0,1/11/2003,Leeds,Arsenal,1,4,A,0,3,A,M Dean,9,13,5,9,12,11,4,3,1,0,0,0,5.5,3.6,1.57,4.75,3.55,1.65,4.2,3.2,1.7,5,3.25,1.62,5,3.5,1.57,5,3.4,1.62,5,3.5,1.57,1.75,1.95,1.9,1.9,1.95,,,,,,,,,4.921428571,3.428571429,1.614285714
E0,1/11/2003,Man United,Portsmouth,3,0,H,1,0,H,N Barry,10,9,4,3,13,12,3,3,0,3,0,0,1.25,5,10,1.28,5,9,1.25,4.5,9,1.2,5,11,1.2,5.5,10,1.22,5,10,1.2,5.5,9,1.6,2.2,1.7,2.1,2,,,,,,,,,1.228571429,5.071428571,9.714285714
E0,1/11/2003,Middlesbrough,Wolves,2,0,H,0,0,D,S Dunn,14,9,11,2,8,12,7,3,1,2,0,1,1.72,3.4,4.5,1.77,3.4,4.3,1.75,3.2,4,1.73,3.2,4.33,1.67,3.4,4.5,1.7,3.25,4.5,1.72,3.4,4,1.9,1.79,2.05,1.75,1.95,,,,,,,,,1.722857143,3.321428571,4.304285714
E0,1/11/2003,Newcastle,Aston Villa,1,1,D,1,1,D,M Messias,22,11,13,6,9,17,15,3,2,3,0,1,1.57,3.6,5.5,1.6,3.6,5.1,1.55,3.5,4.8,1.57,3.25,5.5,1.53,3.5,5.5,1.53,3.6,5.5,1.5,3.4,6,1.9,1.79,1.95,1.85,1.8,,,,,,,,,1.55,3.492857143,5.414285714
E0,1/11/2003,Southampton,Man City,0,2,A,0,1,A,A Wiley,8,13,5,9,10,16,4,6,1,1,0,0,2.2,3.4,2.87,2.25,3.3,2.9,2.1,3.1,3,2,3.2,3.2,2.2,3.25,2.8,2.2,3.2,2.88,2.2,3.25,2.75,1.85,1.85,1.9,1.9,2,,,,,,,,,2.164285714,3.242857143,2.914285714
E0,1/11/2003,Tottenham,Bolton,0,1,A,0,0,D,U Rennie,10,25,6,15,18,6,7,5,3,0,0,0,1.72,3.4,4.5,1.71,3.4,4.5,1.65,3.3,4.4,1.67,3.25,4.5,1.62,3.4,5,1.7,3.25,4.5,1.66,3.3,4.5,1.9,1.79,1.9,1.9,2,,,,,,,,,1.675714286,3.328571429,4.557142857
E0,2/11/2003,Fulham,Liverpool,1,2,A,1,1,D,R Styles,10,10,6,6,13,10,4,8,1,1,1,0,2.7,3.25,2.37,2.7,3.2,2.4,2.7,3,2.3,2.6,3.2,2.38,2.8,3.3,2.38,2.7,3.1,2.38,2.8,3.1,2.25,1.75,1.95,1.85,1.95,1.8,,,,,,,,,2.714285714,3.164285714,2.351428571
E0,2/11/2003,Leicester,Blackburn,2,0,H,0,0,D,D Gallagher,4,10,3,2,11,11,2,6,2,1,0,0,2.5,3.3,2.5,2.55,3.2,2.55,2.5,3,2.5,2.5,3.25,2.4,2.62,3.3,2.5,2.6,3.2,2.4,2.62,3.1,2.37,1.95,1.75,2,1.8,1.9,,,,,,,,,2.555714286,3.192857143,2.46
E0,3/11/2003,Birmingham,Charlton,1,2,A,0,1,A,P Dowd,14,13,13,9,14,18,15,8,1,1,0,0,1.9,3.25,3.75,1.95,3.25,3.7,1.85,3.1,3.6,1.83,3.2,3.75,1.91,3.4,3.75,1.85,3.25,3.75,1.9,3.2,3.5,2,1.71,2.05,1.75,1.95,,,,,,,,,1.884285714,3.235714286,3.685714286
E0,8/11/2003,Arsenal,Tottenham,2,1,H,0,1,A,M Halsey,9,5,3,2,8,22,9,5,1,4,0,0,1.4,3.75,8.5,1.45,3.85,7,1.45,3.8,5.4,1.444,3.6,6.5,1.36,4,8,1.44,3.6,7,1.44,3.3,7.5,1.65,2,1.75,2.05,1.85,1.95,-1.25,1.85,2,-1.25,1.85,2.05,-1.25,1.426285714,3.7,7.128571429
E0,8/11/2003,Aston Villa,Middlesbrough,0,2,A,0,1,A,D Gallagher,12,8,4,3,19,16,5,2,1,2,0,0,2,3.25,3.4,2.05,3.2,3.45,2.1,3,3.1,2.1,3,3.2,2,3.25,3.25,2,3.1,3.4,2.2,3,3,2,1.71,2.15,1.66,1.85,1.95,-0.25,1.85,2,-0.25,1.85,2.05,-0.25,2.064285714,3.114285714,3.257142857
E0,8/11/2003,Bolton,Southampton,0,0,D,0,0,D,H Webb,18,8,11,5,10,14,8,6,2,1,0,1,2.37,3.2,2.75,2.4,3.2,2.7,2.2,3,2.9,2.375,3.2,2.6,2.25,3.25,2.75,2.3,3.1,2.8,2.37,3.1,2.62,2,1.71,2.1,1.7,2.05,1.8,-0.25,2,1.85,-0.25,2.125,1.775,-0.25,2.323571429,3.15,2.731428571
E0,8/11/2003,Charlton,Fulham,3,1,H,1,0,H,A D'Urso,12,11,7,7,10,12,1,5,1,2,0,0,2.25,3.25,2.87,2.3,3.2,2.9,2.2,3,2.9,2.1,3.2,3,2.1,3.2,3,2.2,3.2,2.87,2.1,3.2,3,2,1.71,1.85,1.95,2,1.8,-0.25,1.95,1.9,-0.25,2,1.9,-0.25,2.178571429,3.178571429,2.934285714
E0,8/11/2003,Portsmouth,Leeds,6,1,H,2,1,H,C Foy,14,6,6,5,9,11,3,2,1,4,0,0,1.83,3.25,4,1.9,3.25,3.9,1.9,3.2,3.4,1.909,3.25,3.4,1.8,3.25,4,1.83,3.3,3.75,1.9,3.2,3.5,1.75,1.95,1.8,2,1.9,1.9,-0.5,1.95,1.9,-0.5,1.975,1.925,-0.5,1.867,3.242857143,3.707142857
E0,8/11/2003,Wolves,Birmingham,1,1,D,0,0,D,G Barber,11,4,4,2,13,12,8,1,2,1,0,0,2.6,3.2,2.5,2.7,3.15,2.45,2.6,3,2.4,2.6,3.2,2.375,2.88,3.25,2.38,2.7,3.1,2.37,2.6,3.1,2.4,1.85,1.85,2.1,1.7,1.8,2,0.25,2.1,1.75,0,2.075,1.825,0,2.668571429,3.142857143,2.410714286
E0,9/11/2003,Chelsea,Newcastle,5,0,H,3,0,H,P Durkin,15,4,8,3,13,5,2,0,0,0,0,1,1.61,3.6,5,1.62,3.5,5.25,1.6,3.4,4.6,1.5,3.4,6,1.57,3.5,6.5,1.57,3.4,5.5,1.57,3.5,5,1.71,2,1.75,2.05,1.8,2,-0.75,1.8,2.05,-0.75,1.825,2.075,-0.75,1.577142857,3.471428571,5.407142857
E0,9/11/2003,Liverpool,Man United,1,2,A,0,0,D,G Poll,10,6,4,4,16,9,2,6,1,2,0,0,2.75,3.2,2.37,2.8,3.25,2.35,2.7,3,2.3,2.6,3.2,2.375,2.88,3.25,2.38,2.75,3.2,2.3,2.8,3.1,2.25,1.75,1.95,1.95,1.85,2,1.8,0,2.1,1.75,0,2.025,1.875,0,2.754285714,3.171428571,2.332142857
E0,9/11/2003,Man City,Leicester,0,3,A,0,1,A,M Riley,14,6,4,3,7,12,12,3,2,2,0,0,1.44,3.8,7,1.45,3.8,7,1.5,3.7,5,1.444,3.6,6.5,1.44,3.75,6.5,1.5,3.6,6,1.5,3.4,6,1.75,1.95,1.7,2.1,1.8,2,-1,1.85,2,-1,1.875,2.025,-1,1.467714286,3.664285714,6.285714286
E0,10/11/2003,Blackburn,Everton,2,1,H,2,0,H,P Dowd,18,8,12,2,16,9,12,3,3,2,0,0,2.25,3.25,2.87,2.3,3.2,2.9,2.2,3,2.9,2.2,3.25,2.75,2.38,3.25,2.88,2.25,3.2,2.8,2.2,3.1,2.87,1.85,1.85,1.95,1.85,1.95,1.85,-0.25,1.9,1.95,-0.25,2.05,1.85,-0.25,2.254285714,3.178571429,2.852857143
E0,22/11/03,Birmingham,Arsenal,0,3,A,0,1,A,P Durkin,7,9,1,6,8,11,8,6,1,2,0,0,4.5,3.4,1.72,4.45,3.35,1.77,3.6,3.1,1.85,4.33,3.2,1.73,4.33,3.25,1.73,4.33,3.25,1.73,4.2,3.25,1.72,1.79,1.9,1.95,1.85,2.05,1.77,0.5,1.8,2.05,0.75,2.025,1.875,0.5,4.248571429,3.257142857,1.75
E0,22/11/03,Everton,Wolves,2,0,H,2,0,H,M Riley,23,8,15,4,7,23,8,3,2,2,0,0,1.66,3.4,5,1.7,3.3,5,1.7,3.2,4.2,1.73,3.2,4.33,1.67,3.4,4.5,1.67,3.25,4.75,1.72,3.2,4.33,1.95,1.75,1.9,1.9,1.85,1.95,-0.75,1.85,2,-0.75,1.9,2,-0.75,1.692857143,3.278571429,4.587142857
E0,22/11/03,Leeds,Bolton,0,2,A,0,2,A,G Poll,13,10,10,5,15,11,8,2,1,0,0,0,2.2,3.2,3,2.25,3.2,3,2.1,3.1,3,2,3.4,3,2.25,3.25,2.75,2.25,3.2,2.8,2.1,3.3,2.87,1.95,1.75,1.9,1.9,1.95,1.85,-0.25,2,1.85,-0.25,2.025,1.875,-0.25,2.164285714,3.235714286,2.917142857
E0,22/11/03,Leicester,Charlton,1,1,D,1,0,H,G Barber,13,7,7,4,15,15,3,3,2,1,0,0,2.7,3.25,2.37,2.65,3.2,2.5,2.5,3,2.5,2.5,3.25,2.4,2.62,3.2,2.38,2.5,3.2,2.5,2.5,3.1,2.5,1.95,1.75,1.95,1.85,1.9,1.9,0,1.95,1.9,0,2,1.9,0,2.567142857,3.171428571,2.45
E0,22/11/03,Man United,Blackburn,2,1,H,2,0,H,M Halsey,14,13,8,6,6,15,7,4,0,1,0,0,1.25,5,10,1.28,4.75,10,1.25,4.5,9,1.22,5,10,1.25,5.5,10,1.25,5,9,1.22,5,9.5,1.55,2.25,1.7,2.1,1.8,2,-1.5,1.8,2.05,-1.5,1.8,2.1,-1.5,1.245714286,4.964285714,9.642857143
E0,22/11/03,Middlesbrough,Liverpool,0,0,D,0,0,D,P Dowd,8,8,3,1,16,15,3,4,2,2,0,0,2.8,3.25,2.3,2.85,3.25,2.33,2.8,3.1,2.2,2.6,3.2,2.38,2.75,3.25,2.25,2.8,3.2,2.25,2.75,3.2,2.25,1.9,1.79,2.05,1.75,1.8,2,0.25,1.85,2,0.25,1.8,2.1,0.25,2.764285714,3.207142857,2.28
E0,22/11/03,Newcastle,Man City,3,0,H,0,0,D,N Barry,17,5,10,1,13,16,4,2,1,2,0,0,1.8,3.4,4,1.85,3.35,4,1.75,3.2,4,1.73,3.2,4.33,1.8,3.25,4,1.75,3.25,4.2,1.8,3.3,3.75,1.71,2,1.8,2,1.85,1.95,-0.5,1.8,2.05,-0.5,1.875,2.025,-0.5,1.782857143,3.278571429,4.04
E0,22/11/03,Southampton,Chelsea,0,1,A,0,0,D,D Gallagher,13,8,3,4,7,13,3,3,0,1,0,0,4.5,3.4,1.72,4.5,3.4,1.75,4.2,3.2,1.7,4.33,3.4,1.67,5,3.4,1.62,4.33,3.25,1.73,4.5,3.3,1.66,1.75,1.95,1.85,1.95,1.9,1.9,0.75,1.95,1.9,0.75,1.925,1.975,0.75,4.48,3.335714286,1.692857143
E0,23/11/03,Tottenham,Aston Villa,2,1,H,0,0,D,J Winter,10,13,5,6,14,15,3,3,0,1,0,0,1.9,3.25,3.75,2,3.2,3.6,1.9,3.1,3.5,2.1,3.2,3,2,3.2,3.75,2,3.1,3.4,2,3.1,3.3,1.95,1.75,2.05,1.75,2,1.8,-0.5,1.8,2.05,-0.25,2.1,1.8,-0.5,1.985714286,3.164285714,3.471428571
E0,24/11/03,Fulham,Portsmouth,2,0,H,2,0,H,A Wiley,8,12,4,6,9,16,2,11,0,3,0,1,1.83,3.25,4,1.95,3.25,3.7,1.75,3.2,4,1.8,3.25,3.75,1.91,3.25,4,1.91,3.2,3.6,1.83,3.3,3.6,1.85,1.85,1.85,1.95,1.95,1.85,-0.5,1.95,1.9,-0.5,1.95,1.95,-0.5,1.854285714,3.242857143,3.807142857
E0,29/11/03,Aston Villa,Southampton,1,0,H,1,0,H,M Messias,22,7,12,3,13,13,9,4,0,1,0,0,2.25,3.25,2.87,2.27,3.2,2.9,2.2,3,2.9,2.25,3,2.88,2.2,3.2,2.88,2.2,3.2,2.88,2.25,3,2.87,1.95,1.75,2.15,1.66,1.95,1.85,-0.25,1.95,1.9,-0.25,2.025,1.875,-0.25,2.231428571,3.121428571,2.882857143
E0,29/11/03,Blackburn,Tottenham,1,0,H,0,0,D,G Poll,18,9,12,3,10,13,9,6,0,1,0,0,2.1,3.25,3.2,2.18,3.25,3.05,2.2,3,2.9,2.1,3.2,3,2.2,3.2,2.88,2.2,3.2,2.88,2.2,3.2,2.8,1.85,1.85,2.05,1.75,1.9,1.9,-0.25,1.9,1.95,-0.25,1.85,2.05,-0.25,2.168571429,3.185714286,2.958571429
E0,29/11/03,Bolton,Everton,2,0,H,1,0,H,P Durkin,13,7,6,3,11,18,7,7,0,2,0,0,2.25,3.25,2.87,2.3,3.2,2.85,2.2,3,2.9,2.2,3.2,2.8,2.2,3.25,2.8,2.25,3.2,2.8,2.25,3.1,2.8,2,1.71,2.15,1.66,2,1.8,-0.25,2.05,1.8,-0.25,2.025,1.875,-0.25,2.235714286,3.171428571,2.831428571
E0,29/11/03,Charlton,Leeds,0,1,A,0,1,A,M Halsey,13,12,6,6,11,17,3,4,2,1,0,0,1.61,3.4,5.5,1.65,3.5,4.85,1.65,3.3,4.4,1.53,3.5,5.5,1.57,3.4,5.5,1.62,3.4,5,1.61,3.5,4.5,1.71,2,1.8,2,1.9,1.9,-0.75,1.8,2.05,-0.75,1.875,2.025,-0.75,1.605714286,3.428571429,5.035714286
E0,29/11/03,Portsmouth,Leicester,0,2,A,0,1,A,M Dean,12,7,7,3,12,14,11,4,5,1,0,0,1.8,3.4,4,1.85,3.3,3.95,1.75,3.3,3.8,1.73,3.4,4,1.8,3.25,4,1.8,3.25,4,1.8,3.1,4,1.85,1.85,1.9,1.9,1.85,1.95,-0.5,1.9,1.95,-0.5,1.925,1.975,-0.5,1.79,3.285714286,3.964285714
E0,29/11/03,Wolves,Newcastle,1,1,D,1,1,D,S Bennett,10,7,4,4,14,14,5,3,2,1,0,0,3.75,3.25,1.9,3.7,3.25,1.92,3.6,3.3,1.8,3,3.2,2.1,4.33,3.4,1.8,3.75,3.25,1.85,3.5,3.2,1.9,1.85,1.85,1.85,1.95,1.9,1.9,0.5,2,1.85,0.5,2,1.9,0.5,3.661428571,3.264285714,1.895714286
E0,30/11/03,Arsenal,Fulham,0,0,D,0,0,D,G Barber,22,7,14,1,13,11,9,0,1,1,0,0,1.33,4.33,8.5,1.35,4.15,8.7,1.4,3.9,6,1.29,4.33,9,1.33,4.5,9,1.33,4,8.5,1.28,4.5,8,1.55,2.25,1.7,2.1,2,1.8,-1.5,1.9,1.95,-1.25,1.85,2.05,-1.25,1.33,4.244285714,8.242857143
E0,30/11/03,Chelsea,Man United,1,0,H,1,0,H,A Wiley,12,5,4,3,11,12,2,4,4,1,0,0,2.37,3.25,2.7,2.4,3.15,2.75,2.2,3,2.9,2.25,3.2,2.75,2.38,3.3,2.8,2.38,3,2.75,2.4,2.9,2.75,1.75,1.95,1.95,1.85,1.8,2,0,1.85,2,0,1.8,2.1,0,2.34,3.114285714,2.771428571
E0,30/11/03,Liverpool,Birmingham,3,1,H,1,1,D,N Barry,10,7,7,4,24,17,6,4,2,1,0,0,1.57,3.6,5.5,1.58,3.5,5.7,1.55,3.5,4.8,1.57,3.25,5.5,1.62,3.4,5,1.57,3.4,5.5,1.53,3.4,5.5,,,1.9,1.9,1.9,1.9,-1,1.9,1.95,-1,2.05,1.85,-1,1.57,3.435714286,5.357142857
E0,30/11/03,Man City,Middlesbrough,0,1,A,0,1,A,M Riley,24,2,14,0,15,12,12,0,0,0,0,0,1.9,3.25,3.75,2,3.25,3.45,2,3.1,3.2,1.91,3.25,3.4,1.91,3.25,3.5,1.91,3.25,3.5,1.9,3.25,3.4,2,1.71,1.95,1.85,2,1.8,-0.5,2,1.85,-0.5,2.1,1.8,-0.5,1.932857143,3.228571429,3.457142857
E0,6/12/2003,Birmingham,Blackburn,0,4,A,0,0,D,G Barber,6,11,2,7,23,15,10,7,1,1,1,0,2.2,3.2,3,2.2,3.2,3,2,3.2,3.1,2,3.2,3.2,2.1,3.25,3,2.1,3.25,3,2.1,3.2,3,2,1.71,2.1,1.7,1.9,1.9,-0.25,1.95,1.9,-0.25,2,1.9,-0.25,2.1,3.214285714,3.042857143
E0,6/12/2003,Fulham,Bolton,2,1,H,0,0,D,A D'Urso,10,10,3,5,15,11,3,2,0,2,0,0,1.8,3.2,4.33,1.9,3.25,3.8,1.8,3.1,3.8,1.727,3.2,4.333,1.83,3.25,3.75,1.85,3.25,3.75,1.83,3.3,3.6,1.9,1.85,1.9,1.9,1.95,1.85,-0.5,2,1.85,-0.5,1.975,1.925,-0.5,1.819571429,3.221428571,3.909
E0,6/12/2003,Leeds,Chelsea,1,1,D,1,0,H,M Dean,8,19,4,10,14,11,2,8,3,2,0,0,6.5,3.6,1.5,5.5,3.6,1.55,4.6,3.4,1.6,5.5,3.5,1.533,6,3.5,1.5,5.5,3.6,1.53,5.5,3.6,1.5,1.95,1.8,1.95,1.85,2,1.8,0.75,1.85,2,1,2.1,1.8,0.75,5.585714286,3.542857143,1.530428571
E0,6/12/2003,Leicester,Arsenal,1,1,D,0,0,D,R Styles,4,8,1,5,13,12,7,5,1,1,0,1,6.5,3.4,1.53,6.25,3.5,1.55,4.6,3.4,1.6,6,3.4,1.5,6.5,3.75,1.44,5.5,3.6,1.53,5.5,3.6,1.5,1.85,1.85,1.7,2.1,1.85,1.95,1,1.95,1.9,1,1.875,2.025,1,5.835714286,3.521428571,1.521428571
E0,6/12/2003,Man United,Aston Villa,4,0,H,2,0,H,S Dunn,12,10,8,3,6,11,6,5,0,1,0,0,1.28,4.5,10,1.27,5,10,1.27,4.3,8.5,1.25,4.5,10,1.25,4.5,11,1.25,4.5,11,1.2,5,11,1.65,2.05,1.8,2,1.9,1.9,-1.5,1.9,1.95,-1.5,2,1.9,-1.5,1.252857143,4.614285714,10.21428571
E0,6/12/2003,Middlesbrough,Portsmouth,0,0,D,0,0,D,S Bennett,5,6,3,2,17,20,6,5,2,3,0,1,1.72,3.4,4.5,1.75,3.35,4.5,1.7,3.2,4.2,1.667,3.25,4.5,1.67,3.4,4.5,1.72,3.25,4.33,1.72,3.2,4.33,2,1.71,2.1,1.7,1.95,1.85,-0.75,1.9,1.95,-0.75,2.05,1.85,-0.75,1.706714286,3.292857143,4.408571429
E0,6/12/2003,Newcastle,Liverpool,1,1,D,0,1,A,G Poll,13,7,6,3,13,13,8,1,1,4,0,0,2.25,3.4,2.75,2.25,3.2,2.9,2.2,3.1,2.8,2.2,3.2,2.8,2.38,3.25,2.88,2.25,3.2,2.8,2.25,3.2,2.75,1.87,1.85,2,1.8,1.8,2,0,1.8,2.05,0,1.775,2.125,0,2.254285714,3.221428571,2.811428571
E0,6/12/2003,Tottenham,Wolves,5,2,H,1,1,D,U Rennie,12,16,10,8,14,8,4,5,2,0,0,0,1.66,3.4,5,1.62,3.4,5.5,1.6,3.4,4.6,1.615,3.25,5,1.53,3.5,5.5,1.57,3.4,5.5,1.57,3.5,5,1.9,1.79,2,1.8,1.83,1.97,-0.75,1.8,2.05,-0.75,1.825,2.075,-0.75,1.595,3.407142857,5.157142857
E0,7/12/2003,Everton,Man City,0,0,D,0,0,D,J Winter,9,15,2,7,11,13,3,5,1,1,0,0,2.3,3.4,2.7,2.32,3.15,2.82,2.2,3.1,2.8,2.1,3.2,3,2.25,3.4,2.9,2.25,3.2,2.8,2.25,3.2,2.75,1.79,1.9,2,1.8,1.95,1.85,-0.25,1.9,1.95,-0.25,2.025,1.875,-0.25,2.238571429,3.235714286,2.824285714
E0,7/12/2003,Southampton,Charlton,3,2,H,2,0,H,P Walton,18,20,14,14,12,12,8,9,0,0,0,0,2.25,3.25,2.87,2.2,3.1,3.05,2.2,3.1,2.8,2.2,3.2,2.8,2.25,3.3,3,2.2,3.2,2.87,2.2,3.2,2.8,2,1.71,2.05,1.75,1.9,1.9,-0.25,1.95,1.9,-0.25,2.025,1.875,-0.25,2.214285714,3.192857143,2.884285714
E0,13/12/03,Chelsea,Bolton,1,2,A,1,1,D,M Messias,9,4,5,2,13,11,8,3,2,2,0,0,1.286,4.5,10,1.3,4.5,10,1.3,4.2,8,1.286,4.333,9,1.25,4.75,9.5,1.3,4.33,8.5,1.25,4.5,10,1.71,2,1.75,2.05,1.95,1.85,-1.5,2,1.85,-1.5,1.85,2.05,-1.25,1.281714286,4.444714286,9.285714286
E0,13/12/03,Leicester,Birmingham,0,2,A,0,1,A,M Riley,8,9,5,4,19,16,6,7,2,2,2,0,2.25,3.25,2.875,2.3,3.2,2.85,2.2,3,2.9,2.2,3.2,2.8,2.25,3.25,2.75,2.25,3.2,2.8,2.3,3.1,2.75,1.9,1.79,2.15,1.66,2.01,1.8,-0.25,1.95,1.9,-0.25,2.05,1.85,-0.25,2.25,3.171428571,2.817857143
E0,13/12/03,Liverpool,Southampton,1,2,A,0,1,A,P Durkin,18,8,10,4,6,8,9,5,0,0,0,0,1.571,3.4,6,1.55,3.5,6,1.55,3.5,4.8,1.571,3.25,5.5,1.53,3.4,6,1.53,3.4,6,1.53,3.25,6,1.85,1.85,1.95,1.85,1.8,2,-0.75,1.85,2,-0.75,1.8,2.1,-0.75,1.547428571,3.385714286,5.757142857
E0,13/12/03,Man United,Man City,3,1,H,2,0,H,M Halsey,10,12,7,9,8,10,2,5,0,2,0,0,1.4,3.75,8.5,1.4,3.8,8.4,1.4,3.9,6,1.364,3.75,8,1.36,4.33,8.5,1.36,4,7.5,1.36,3.75,8,1.79,1.9,1.8,2,1.9,1.9,-1.25,1.85,2,-1.25,1.95,1.95,-1.25,1.377714286,3.897142857,7.842857143
E0,13/12/03,Middlesbrough,Charlton,0,0,D,0,0,D,H Webb,12,10,6,3,13,11,3,7,1,1,0,0,2.1,3.25,3.2,2.1,3.2,3.3,2.1,3,3.1,2.1,3.2,3,2.1,3.25,3,2.1,3.2,3.1,2,3.2,3.2,2,1.71,2.1,1.7,1.85,1.95,-0.25,2.05,1.8,-0.5,1.85,2.05,-0.25,2.085714286,3.185714286,3.128571429
E0,13/12/03,Newcastle,Tottenham,4,0,H,1,0,H,A Wiley,19,4,11,4,10,12,11,7,2,2,0,0,1.615,3.4,5.5,1.65,3.4,5.25,1.65,3.3,4.4,1.615,3.5,4.5,1.57,3.5,5,1.61,3.4,5,1.57,3.5,5,1.9,1.79,1.85,1.95,1.9,1.9,-0.75,1.85,2,-0.75,1.9,2,-0.75,1.611428571,3.428571429,4.95
E0,13/12/03,Portsmouth,Everton,1,2,A,1,2,A,U Rennie,12,9,10,4,13,13,7,10,1,1,0,0,2.2,3.2,3,2.2,3.2,3,2.1,3.1,3,2.2,3.2,2.8,2.2,3.2,2.88,2.2,3.2,2.87,2.1,3.2,3,1.9,1.79,2,1.8,1.95,1.85,-0.25,2,1.85,-0.25,2.05,1.85,-0.25,2.171428571,3.185714286,2.935714286
E0,14/12/03,Arsenal,Blackburn,1,0,H,1,0,H,A D'Urso,11,5,7,1,14,14,5,6,2,4,0,0,1.364,4.333,7.5,1.35,4.2,8.35,1.4,3.9,6,1.333,4,8,1.36,4.33,8.5,1.33,4.33,7.5,1.3,4.2,8.5,1.75,1.95,1.75,2.05,1.95,1.85,-1.25,2,1.85,-1.25,2.1,1.8,-1.25,1.348142857,4.184714286,7.764285714
E0,14/12/03,Aston Villa,Wolves,3,2,H,2,1,H,G Poll,11,8,8,5,12,14,4,6,3,4,0,0,1.727,3.4,4.5,1.75,3.3,4.6,1.8,3.1,3.8,1.727,3.2,4.333,1.67,3.4,4.5,1.66,3.4,4.5,1.72,3.25,4.2,1.95,1.75,2.05,1.75,1.85,1.95,-0.75,1.85,2,-0.75,1.9,2,-0.75,1.722,3.292857143,4.347571429
E0,14/12/03,Leeds,Fulham,3,2,H,1,0,H,N Barry,14,10,11,7,17,11,6,5,2,1,0,0,2.5,3.2,2.6,2.26,3.25,2.85,2.4,3.1,2.5,2.5,3.2,2.5,2.38,3.3,2.8,2.37,3.2,2.62,2.5,3.1,2.5,1.95,1.75,1.95,1.85,2,1.8,-0.25,2,1.85,-0.25,2.1,1.8,-0.25,2.415714286,3.192857143,2.624285714
E0,20/12/03,Blackburn,Aston Villa,0,2,A,0,0,D,D Gallagher,12,15,5,7,7,11,9,1,1,0,0,0,1.909,3.3,4,1.87,3.25,3.9,1.75,3.2,4,1.8,3.2,4,1.83,3.25,3.75,1.9,3.2,3.6,1.72,3.25,4.2,1.85,1.85,2.05,1.75,1.9,1.95,-0.5,1.9,1.95,-0.5,1.95,1.95,-0.5,1.825571429,3.235714286,3.921428571
E0,20/12/03,Bolton,Arsenal,1,1,D,0,0,D,G Poll,19,9,13,4,11,13,8,1,2,2,0,0,5,3.6,1.667,4.5,3.5,1.7,4.2,3.2,1.7,4.333,3.4,1.667,5,3.4,1.62,4.5,3.4,1.66,5,3.5,1.57,1.79,1.9,1.85,1.95,1.95,1.9,0.75,2,1.85,0.75,1.975,1.925,0.75,4.647571429,3.428571429,1.654857143
E0,20/12/03,Charlton,Newcastle,0,0,D,0,0,D,S Bennett,18,11,10,5,11,9,7,9,0,0,0,0,2.875,3.3,2.375,2.7,3.25,2.4,2.6,3,2.4,2.4,3.25,2.5,2.62,3.2,2.38,2.6,3.2,2.4,2.75,3.2,2.25,1.79,1.9,1.9,1.9,2.1,1.75,0,1.85,2,0.25,2.05,1.85,0,2.649285714,3.2,2.386428571
E0,20/12/03,Everton,Leicester,3,2,H,1,1,D,P Dowd,15,6,8,4,13,18,11,7,2,3,0,0,1.8,3.4,4,1.75,3.35,4.35,1.75,3.1,4.2,1.727,3.2,4.333,1.73,3.25,4.33,1.72,3.25,4.33,1.8,3.1,4,1.85,1.85,2.05,1.75,2.05,1.8,-0.75,2,1.85,-0.75,2.1,1.8,-0.75,1.753857143,3.235714286,4.220428571
E0,20/12/03,Fulham,Chelsea,0,1,A,0,0,D,M Riley,7,11,2,9,11,10,2,8,2,3,0,0,4.5,3.4,1.8,4.3,3.3,1.78,3.6,3.1,1.85,3.75,3.25,1.8,4.33,3.25,1.73,4.33,3.25,1.72,4.5,3.3,1.66,1.71,2,1.95,1.85,2.05,1.8,0.5,2.05,1.8,0.5,2.05,1.85,0.5,4.187142857,3.264285714,1.762857143
E0,21/12/03,Southampton,Portsmouth,3,0,H,1,0,H,J Winter,12,11,7,7,7,21,8,5,0,3,0,0,1.727,3.4,5,1.75,3.35,4.35,1.75,3.1,4.2,1.667,3.25,4.5,1.73,3.4,4.75,1.8,3.25,4,1.72,3.2,4.33,2,1.71,2.1,1.7,2,1.85,-0.75,2,1.85,-0.75,2.075,1.825,-0.75,1.734857143,3.278571429,4.447142857
E0,21/12/03,Tottenham,Man United,1,2,A,0,2,A,R Styles,14,12,8,7,12,8,7,8,2,2,0,0,5.5,3.6,1.615,4.65,3.4,1.7,4.4,3.3,1.65,4.5,3.5,1.615,5.5,3.6,1.62,4.5,3.4,1.66,5,3.3,1.61,1.63,2.1,1.8,2,2,1.85,0.75,2,1.85,0.75,2.025,1.875,0.75,4.864285714,3.442857143,1.638571429
E0,22/12/03,Man City,Leeds,1,1,D,0,1,A,G Barber,19,6,11,4,7,8,8,5,0,3,0,0,1.909,3.3,4,1.9,3.3,3.75,2,3.1,3.2,2,3.4,3,1.91,3.4,3.75,2,3.25,3.25,1.9,3.4,3.25,1.75,1.95,1.9,1.9,2,1.85,-0.5,2.05,1.8,-0.5,2.075,1.825,-0.5,1.945571429,3.307142857,3.457142857
E0,26/12/03,Arsenal,Wolves,3,0,H,2,0,H,P Dowd,15,5,10,1,15,17,14,3,2,5,0,0,1.167,6.5,15,1.15,6,16,1.2,5,10,1.167,5.5,12,1.14,6,15,1.14,6,15,1.12,6,15,1.55,2.36,1.61,2.25,1.75,2.1,-1.75,1.75,2.1,-1.75,1.775,2.125,-1.75,1.154857143,5.857142857,14
E0,26/12/03,Birmingham,Man City,2,1,H,0,1,A,U Rennie,5,9,3,5,18,14,9,3,2,1,0,0,2.25,3.25,3.1,2.2,3.3,2.95,2.2,3,2.9,2.1,3.2,3,2.1,3.25,3,2.1,3.25,3,2.1,3.3,2.87,1.93,1.79,2.1,1.7,2,1.85,-0.25,2,1.85,-0.25,2.1,1.8,-0.25,2.15,3.221428571,2.974285714
E0,26/12/03,Blackburn,Middlesbrough,2,2,D,1,1,D,A Wiley,13,5,10,3,11,10,14,1,2,1,0,0,2.25,3.25,3.1,2.25,3.2,3,2.1,3.1,3,2.1,3.2,3,2.2,3.2,2.88,2.2,3.2,2.87,2.1,3.1,3.1,2.01,1.71,2.05,1.75,1.85,2,-0.25,1.85,2,-0.25,1.85,2.05,-0.25,2.171428571,3.178571429,2.992857143
E0,26/12/03,Charlton,Chelsea,4,2,H,2,1,H,G Poll,8,15,4,8,14,10,8,6,1,1,0,0,5.5,3.4,1.667,4.95,3.4,1.67,4,3.2,1.75,4.5,3.25,1.667,5,3.6,1.67,5,3.4,1.61,5,3.3,1.61,1.84,1.87,2,1.8,1.85,2,0.75,1.9,1.95,0.75,1.85,2.05,0.75,4.85,3.364285714,1.663428571
E0,26/12/03,Fulham,Southampton,2,0,H,1,0,H,D Gallagher,14,6,7,2,13,12,11,5,0,2,0,0,2.2,3.25,3.2,2.2,3.2,3.1,2,3.1,3.2,2.1,3.2,3,2.1,3.25,3,2,3.25,3.25,2.1,3.1,3.1,1.96,1.75,2.05,1.75,1.95,1.9,-0.25,1.9,1.95,-0.25,2,1.9,-0.25,2.1,3.192857143,3.121428571
E0,26/12/03,Leeds,Aston Villa,0,0,D,0,0,D,S Bennett,6,13,3,4,15,13,7,5,0,2,0,0,2.3,3.25,3,2.25,3.25,2.9,2.1,3,3.1,2.2,3.25,2.75,2.2,3.2,2.88,2.2,3.2,2.87,2.25,3.2,2.75,1.88,1.85,2,1.8,2,1.85,-0.25,1.9,1.95,-0.25,2.05,1.85,-0.25,2.214285714,3.192857143,2.892857143
E0,26/12/03,Leicester,Newcastle,1,1,D,0,0,D,C Foy,6,12,5,6,11,10,6,7,0,0,0,0,3.25,3.4,2.1,3.4,3.3,2,3.2,3.1,2,3.2,3.2,2,3.25,3.25,2,3.25,3.25,2,3.2,3.2,2,1.87,1.85,1.9,1.9,1.8,2.05,0.5,1.75,2.1,0.5,2.075,1.825,0.25,3.25,3.242857143,2.014285714
E0,26/12/03,Liverpool,Bolton,3,1,H,1,0,H,J Winter,13,7,8,2,10,18,7,1,0,2,0,0,1.667,3.6,5,1.65,3.45,5.2,1.6,3.4,4.6,1.667,3.25,4.5,1.67,3.4,4.5,1.61,3.4,5,1.61,3.3,5,1.82,1.95,1.9,1.9,1.95,1.9,-0.75,1.95,1.9,-0.75,2,1.9,-0.75,1.639142857,3.4,4.828571429
E0,26/12/03,Man United,Everton,3,2,H,2,1,H,M Dean,19,10,11,6,8,10,7,2,0,2,0,0,1.25,5.5,10,1.25,5.25,10,1.22,4.8,9.5,1.222,5,10,1.25,5.5,10,1.22,5,10,1.2,5,11,1.61,2.25,1.75,2.05,1.85,2,-1.5,1.85,2,-1.5,1.85,2.05,-1.5,1.230285714,5.15,10.07142857
E0,26/12/03,Portsmouth,Tottenham,2,0,H,0,0,D,S Dunn,10,5,8,3,10,10,3,6,1,1,0,0,2.5,3.25,2.7,2.45,3.25,2.65,2.4,3,2.6,2.4,3.25,2.5,2.5,3.2,2.5,2.4,3.2,2.6,2.37,3.1,2.62,1.87,1.85,2,1.8,1.85,2,0,1.85,2,0,1.95,1.95,0,2.431428571,3.178571429,2.595714286
E0,28/12/03,Aston Villa,Fulham,3,0,H,1,0,H,B Knight,12,9,8,3,17,7,8,3,0,0,0,0,2.2,3.25,3.2,2.2,3.2,3.05,2.1,3,3.1,2,3.2,3.2,2.2,3.25,2.88,2.2,3.1,3,2.2,3.1,2.87,1.91,1.79,2,1.8,1.95,1.9,-0.25,1.95,1.9,-0.25,2.05,1.85,-0.25,2.157142857,3.157142857,3.042857143
E0,28/12/03,Bolton,Leicester,2,2,D,1,1,D,N Barry,15,7,8,6,16,17,3,7,1,2,0,0,1.8,3.4,4.5,1.75,3.3,4.5,1.8,3.1,3.8,1.73,3.2,4.33,1.67,3.2,5,1.73,3.25,4.33,1.72,3.2,4.33,1.9,1.79,2,1.8,2.1,1.75,-0.75,1.8,2.05,-0.5,1.9,2,-0.5,1.742857143,3.235714286,4.398571429
E0,28/12/03,Chelsea,Portsmouth,3,0,H,0,0,D,G Barber,15,7,8,3,8,14,7,1,0,0,0,0,1.25,5.5,11,1.25,5,10,1.22,4.8,9.5,1.22,5,10,1.22,5,10,1.22,5,10,1.28,4.5,8,1.65,2.12,1.75,2.05,1.72,2.15,-1.5,1.9,1.95,-1.75,2.075,1.825,-1.75,1.237142857,4.971428571,9.785714286
E0,28/12/03,Everton,Birmingham,1,0,H,0,0,D,R Styles,16,5,6,2,7,13,5,2,0,0,0,0,2.1,3.25,3.4,2.1,3.25,3.2,1.9,3.1,3.5,1.83,3.2,3.75,2,3.25,3.25,2,3.25,3.25,2.1,3.2,3,1.86,1.85,2.1,1.7,2.05,1.75,-0.5,2,1.85,-0.5,1.85,2.05,-0.25,2.004285714,3.214285714,3.335714286
E0,28/12/03,Man City,Liverpool,2,2,D,1,0,H,M Riley,16,11,8,9,6,14,7,7,1,2,0,0,2.87,3.25,2.37,2.7,3.2,2.4,2.9,3,2.2,2.6,3.2,2.38,2.75,3.2,2.25,2.62,3.2,2.38,2.8,3.2,2.2,1.87,1.85,2,1.8,2.1,1.75,0,1.9,1.95,0.25,1.775,2.125,0.25,2.748571429,3.178571429,2.311428571
E0,28/12/03,Middlesbrough,Man United,0,1,A,0,1,A,M Messias,11,10,2,6,11,15,4,2,3,2,0,1,5,3.6,1.66,5.25,3.3,1.65,4.4,3.3,1.65,4.5,3.25,1.67,5.5,3.4,1.67,5,3.4,1.62,5,3.3,1.61,1.88,1.85,1.95,1.85,1.95,1.9,0.75,1.95,1.9,0.75,1.9,2,0.75,4.95,3.364285714,1.647142857
E0,28/12/03,Newcastle,Blackburn,0,1,A,0,0,D,M Halsey,15,11,11,3,6,13,8,8,0,1,0,0,1.61,3.6,5.5,1.65,3.4,5,1.6,3.4,4.6,1.57,3.5,5,1.67,3.6,5,1.62,3.4,5,1.61,3.3,5,1.81,1.9,1.9,1.9,1.95,1.9,-0.75,1.9,1.95,-0.75,1.975,1.925,-0.75,1.618571429,3.457142857,5.014285714
E0,28/12/03,Tottenham,Charlton,0,1,A,0,0,D,P Durkin,18,10,9,8,8,13,11,11,1,0,0,0,2.3,3.25,3,2.2,3.25,3,2.3,3,2.7,2.2,3.2,2.8,2.25,3.2,2.75,2.2,3.2,2.88,2.25,3.2,2.75,1.86,1.85,1.95,1.85,1.95,1.9,-0.25,1.95,1.9,-0.25,2.1,1.8,-0.25,2.242857143,3.185714286,2.84
E0,28/12/03,Wolves,Leeds,3,1,H,1,1,D,A D'Urso,11,9,4,4,11,14,6,10,1,4,0,1,2.62,3.25,2.6,2.52,3.25,2.52,2.7,3,2.3,2.6,3.2,2.38,2.62,3.2,2.38,2.5,3.2,2.5,2.5,3.1,2.5,1.87,1.85,1.95,1.85,2.05,1.8,0,2.05,1.8,0,2,1.9,0,2.58,3.171428571,2.454285714
E0,29/12/03,Southampton,Arsenal,0,1,A,0,1,A,S Dunn,6,17,3,9,14,10,2,3,1,0,0,0,4.5,3.6,1.72,4.7,3.35,1.72,4,3.2,1.75,4.33,3.2,1.73,4.75,3.4,1.73,4.33,3.25,1.73,4.5,3.3,1.66,1.91,1.8,1.9,1.9,1.85,2,0.75,1.9,1.95,0.75,1.9,2,0.75,4.444285714,3.328571429,1.72
E0,6/1/2004,Aston Villa,Portsmouth,2,1,H,1,0,H,J Winter,18,11,13,4,17,14,9,6,0,0,0,0,1.66,3.4,5.5,1.7,3.3,4.85,1.7,3.2,4.2,1.57,3.25,5.5,1.62,3.6,5.5,1.62,3.4,5,1.66,3.3,4.5,1.9,1.79,2.05,1.75,1.8,2.05,-0.75,1.85,2,-0.75,1.9,2,-0.75,1.647142857,3.35,5.007142857
E0,7/1/2004,Bolton,Man United,1,2,A,0,2,A,D Gallagher,15,11,5,7,4,8,10,6,2,0,0,0,6.5,3.5,1.57,5.6,3.5,1.57,4.6,3.4,1.6,5.5,3.5,1.53,6,3.5,1.5,5.5,3.5,1.53,5.5,3.4,1.53,1.75,1.9,1.9,1.9,2.1,1.75,0.75,1.85,2,1,1.775,2.125,1,5.6,3.471428571,1.547142857
E0,7/1/2004,Chelsea,Liverpool,0,1,A,0,1,A,S Dunn,9,4,2,1,15,9,8,3,0,2,0,1,1.8,3.4,4.5,1.75,3.3,4.5,1.7,3.2,4.2,1.73,3.4,4,1.73,3.4,4.75,1.75,3.25,4.2,1.66,3.3,4.5,1.85,1.85,2.05,1.75,1.75,2.1,-0.5,1.8,2.05,-0.5,1.875,2.025,-0.5,1.731428571,3.321428571,4.378571429
E0,7/1/2004,Everton,Arsenal,1,1,D,0,1,A,A Wiley,8,9,4,5,13,16,5,4,0,3,0,0,5.5,3.4,1.66,5,3.45,1.65,4.4,3.3,1.65,5,3.25,1.62,5,3.6,1.57,4.5,3.4,1.67,5.5,3.4,1.53,1.85,1.85,1.9,1.9,1.95,1.9,0.75,2,1.85,0.75,2,1.9,0.75,4.985714286,3.4,1.621428571
E0,7/1/2004,Man City,Charlton,1,1,D,1,0,H,P Walton,18,9,10,4,9,11,2,2,0,0,0,0,2.3,3.25,3,2.25,3.25,2.9,2.2,3,2.9,2.25,3.2,2.75,2.25,3.25,2.75,2.25,3.25,2.75,2.3,3.2,2.62,1.85,1.85,1.9,1.9,2,1.85,-0.25,1.95,1.9,-0.25,2.05,1.85,-0.25,2.257142857,3.2,2.81
E0,7/1/2004,Middlesbrough,Fulham,2,1,H,1,0,H,P Durkin,10,9,5,4,14,17,9,1,1,2,0,0,2.2,3.25,3.2,2.2,3.25,3,2.2,3,2.9,2.2,3,3,2.1,3.1,3.2,2.2,3.1,3,2.2,3,3,1.95,1.75,2.1,1.7,1.85,2,-0.25,1.85,2,-0.25,1.875,2.025,-0.25,2.185714286,3.1,3.042857143
E0,7/1/2004,Newcastle,Leeds,1,0,H,1,0,H,P Dowd,13,9,6,5,14,17,5,3,0,1,0,0,1.53,3.6,7,1.55,3.5,6,1.55,3.5,4.8,1.5,3.4,6,1.44,3.75,6.5,1.53,3.4,6,1.5,3.4,6,1.71,2,1.8,2,2,1.85,-1,1.85,2,-1,2,1.9,-1,1.514285714,3.507142857,6.042857143
E0,7/1/2004,Southampton,Leicester,0,0,D,0,0,D,H Webb,14,9,14,8,12,15,4,5,2,1,0,0,1.8,3.4,4.5,1.7,3.3,4.85,1.7,3.2,4.2,1.73,3.2,4.33,1.67,3.4,4.5,1.73,3.25,4.33,1.66,3.3,4.5,1.95,1.75,2,1.8,1.95,1.9,-0.75,1.95,1.9,-0.75,2.075,1.825,-0.75,1.712857143,3.292857143,4.458571429
E0,7/1/2004,Tottenham,Birmingham,4,1,H,3,0,H,B Knight,11,9,7,3,15,6,1,6,0,0,0,0,2.2,3.25,3.2,2.2,3.25,3,2,3.1,3.2,2.2,3.2,2.8,2.25,3.25,2.75,2.1,3.25,3,2.1,3.2,3,1.85,1.85,2,1.8,1.85,2,-0.25,1.8,2.05,-0.25,1.9,2,-0.25,2.15,3.214285714,2.992857143
E0,7/1/2004,Wolves,Blackburn,2,2,D,0,1,A,N Barry,10,9,5,5,13,20,2,7,1,1,0,0,2.87,3.25,2.4,2.65,3.25,2.42,2.6,3.1,2.3,2.5,3.25,2.4,2.62,3.2,2.38,2.62,3.2,2.38,2.62,3.1,2.37,1.79,1.9,1.85,1.95,2,1.85,0,1.85,2,0.25,1.8,2.1,0.25,2.64,3.192857143,2.378571429
E0,10/1/2004,Arsenal,Middlesbrough,4,1,H,2,0,H,A D'Urso,20,5,13,4,12,21,7,3,1,1,0,0,1.28,5,10,1.27,5,10,1.25,4.5,9,1.22,5,10,1.22,5,10,1.25,5,9,1.25,4.5,10,1.71,2,1.85,1.95,2.05,1.8,-1.5,2.05,1.8,-1.5,2.05,1.85,-1.5,1.248571429,4.857142857,9.714285714
E0,10/1/2004,Birmingham,Southampton,2,1,H,1,1,D,S Bennett,11,9,6,6,14,23,7,10,0,1,0,1,2.1,3.25,3.4,2.2,3.2,3.05,2.2,3,2.9,2.1,3.2,3,2.1,3.2,3.1,2.1,3.2,3.1,2.2,3,3,2,1.7,2.15,1.66,2.08,1.77,-0.25,2.05,1.8,-0.25,2,1.9,-0.25,2.142857143,3.15,3.078571429
E0,10/1/2004,Blackburn,Bolton,3,4,A,3,2,H,S Dunn,8,16,3,10,15,13,4,7,2,3,0,0,2.1,3.25,3.4,2.05,3.1,3.5,2,3,3.3,1.91,3.25,3.4,2,3.25,3.25,2,3.25,3.25,2,3.1,3.3,1.85,1.85,2,1.8,1.8,2.05,-0.25,1.8,2.05,-0.25,1.875,2.025,-0.25,2.008571429,3.171428571,3.342857143
E0,10/1/2004,Charlton,Wolves,2,0,H,1,0,H,R Styles,10,7,4,4,6,12,6,5,1,3,0,0,1.57,3.5,6.5,1.57,3.5,6,1.6,3.4,4.6,1.53,3.5,5.5,1.5,3.5,6,1.53,3.5,5.5,1.5,3.4,6,1.85,1.85,1.8,2,1.75,2.1,-0.75,1.75,2.1,-0.75,1.85,2.05,-0.75,1.542857143,3.471428571,5.728571429
E0,10/1/2004,Fulham,Everton,2,1,H,1,0,H,G Poll,14,11,10,5,19,9,5,7,0,0,0,0,2.1,3.25,3.4,2.05,3.25,3.4,1.85,3.1,3.6,1.8,3.25,3.75,2,3.25,3.25,1.91,3.25,3.5,1.9,3.2,3.5,1.85,1.85,2.05,1.75,2.05,1.8,-0.5,2.1,1.75,-0.5,2.1,1.8,-0.5,1.944285714,3.221428571,3.485714286
E0,10/1/2004,Leeds,Tottenham,0,1,A,0,0,D,M Halsey,7,15,1,8,17,13,4,5,0,1,0,0,2.5,3.25,2.7,2.3,3.2,2.85,2.2,3,2.9,2.1,3.2,3,2.38,3.2,2.62,2.25,3.2,2.8,2.62,3.2,2.3,1.85,1.85,2,1.8,1.9,1.95,0,1.9,1.95,0,1.825,2.075,0,2.335714286,3.178571429,2.738571429
E0,10/1/2004,Liverpool,Aston Villa,1,0,H,1,0,H,G Barber,12,8,4,2,14,15,3,6,3,2,0,0,1.66,3.4,5.5,1.65,3.4,5.25,1.65,3.3,4.4,1.62,3.25,5,1.62,3.4,5,1.62,3.4,5,1.53,3.4,5.5,1.85,1.85,2,1.8,1.9,1.95,-0.75,1.9,1.95,-0.75,1.875,2.025,-0.75,1.621428571,3.364285714,5.092857143
E0,10/1/2004,Portsmouth,Man City,4,2,H,1,2,A,M Messias,11,15,8,6,7,8,2,7,0,2,0,0,2.5,3.25,2.7,2.4,3.25,2.7,2.3,3,2.7,2.2,3.25,2.75,2.25,3.25,2.75,2.3,3.2,2.7,2.3,3.2,2.62,1.85,1.85,2,1.8,1.85,2,0,1.85,2,0,1.9,2,0,2.321428571,3.2,2.702857143
E0,11/1/2004,Leicester,Chelsea,0,4,A,0,2,A,U Rennie,6,11,3,6,17,7,6,2,0,1,0,0,6,3.5,1.61,6,3.5,1.55,4.4,3.3,1.65,5,3.5,1.57,5.5,3.75,1.57,5.5,3.5,1.53,5.5,3.4,1.53,1.85,1.85,1.95,1.85,2,1.85,0.75,,,,2.025,1.875,0.75,5.414285714,3.492857143,1.572857143
E0,11/1/2004,Man United,Newcastle,0,0,D,0,0,D,P Durkin,12,7,7,3,13,11,2,3,2,0,0,0,1.44,4,7.5,1.47,3.75,7,1.4,3.9,6,1.36,3.75,8,1.44,4,7.5,1.4,3.75,7.5,1.44,3.6,6.5,1.75,1.95,1.8,2,1.75,2.1,-1,1.8,2.05,-1,1.8,2.1,-1,1.421428571,3.821428571,7.142857143
E0,17/01/04,Bolton,Portsmouth,1,0,H,0,0,D,P Dowd,13,8,6,3,9,13,2,2,1,1,0,1,1.83,3.25,4.5,1.8,3.2,4.35,1.8,3.1,3.8,1.67,3.25,4.5,1.73,3.25,4.33,1.83,3.3,3.75,1.8,3.3,3.75,1.79,1.9,2.05,1.75,1.9,1.95,-0.5,1.85,2,-0.5,1.9,2,-0.5,1.78,3.235714286,4.14
E0,17/01/04,Everton,Charlton,0,1,A,0,1,A,M Riley,17,7,7,4,6,14,10,5,4,2,0,0,2.25,3.25,3.1,2.2,3.25,3,2.1,3,3.1,2.1,3.2,3,2.2,3.2,2.88,2.2,3.2,2.88,2.25,3.2,2.75,1.85,1.85,2.1,1.7,1.85,2,-0.25,1.85,2,-0.25,1.925,1.975,-0.25,2.185714286,3.185714286,2.958571429
E0,17/01/04,Man City,Blackburn,1,1,D,0,0,D,M Dean,10,6,7,3,7,13,4,2,2,1,0,0,2.1,3.25,3.4,2.1,3.2,3.2,2.1,3,3.1,2.1,3.2,3,2.1,3.25,3,2.2,3.2,2.88,2.2,3.2,2.8,1.75,1.9,1.85,1.95,1.85,2,-0.25,1.8,2.05,-0.25,1.85,2.05,-0.25,2.128571429,3.185714286,3.054285714
E0,17/01/04,Middlesbrough,Leicester,3,3,D,1,0,H,B Knight,13,14,7,8,15,12,6,6,2,5,0,0,1.72,3.3,5,1.8,3.2,4.35,1.8,3.1,3.8,1.67,3.25,4.5,1.67,3.4,4.5,1.8,3.25,4,1.72,3.2,4.33,1.85,1.85,2.15,1.66,1.8,2.05,-0.5,1.95,1.9,-0.75,2.05,1.85,-0.75,1.74,3.242857143,4.354285714
E0,17/01/04,Southampton,Leeds,2,1,H,2,0,H,A Wiley,18,11,6,6,16,8,1,6,1,1,0,0,1.72,3.3,5,1.65,3.4,5.1,1.7,3.2,4.2,1.62,3.5,4.5,1.57,3.5,5,1.67,3.4,4.5,1.57,3.5,5,1.95,1.75,2.05,1.75,1.8,2.05,-0.75,2.15,1.7,-1,2.125,1.775,-1,1.642857143,3.4,4.757142857
E0,17/01/04,Tottenham,Liverpool,2,1,H,1,0,H,U Rennie,7,10,3,4,18,9,5,6,1,1,0,0,2.87,3.25,2.37,2.85,3.2,2.3,2.8,3.1,2.2,2.6,3.2,2.38,2.75,3.2,2.3,2.75,3.2,2.3,2.8,3.1,2.25,1.9,1.8,1.95,1.85,1.85,2,0.25,1.85,2,0.25,1.85,2.05,0.25,2.774285714,3.178571429,2.3
E0,17/01/04,Wolves,Man United,1,0,H,0,0,D,A D'Urso,11,15,6,6,13,5,4,12,2,0,0,0,8.5,4.5,1.36,8,4.35,1.35,6,3.9,1.4,8,3.75,1.36,9,4.5,1.33,7.5,4,1.36,8,4.33,1.3,1.65,2.05,1.75,2.05,2,1.85,1.25,2.1,1.75,1.25,2.075,1.825,1.25,7.857142857,4.19,1.351428571
E0,18/01/04,Aston Villa,Arsenal,0,2,A,0,1,A,M Halsey,12,13,5,9,17,21,3,2,4,1,0,0,5.5,3.4,1.66,5,3.25,1.7,3.8,3.1,1.8,4.5,3.25,1.67,5,3.6,1.67,4.33,3.25,1.73,4.5,3.3,1.66,1.95,1.75,2,1.8,1.85,2,0.75,1.9,1.95,0.75,1.95,1.95,0.75,4.661428571,3.307142857,1.698571429
E0,18/01/04,Chelsea,Birmingham,0,0,D,0,0,D,J Winter,16,2,9,1,13,8,6,2,2,2,0,0,1.3,4.5,12,1.3,4.5,9.4,1.3,4.2,8,1.3,4.33,8,1.29,4.75,11,1.3,4.33,8.5,1.3,4.33,8,1.71,2,1.85,1.95,1.9,1.95,-1.5,1.95,1.9,-1.5,1.975,1.925,-1.5,1.298571429,4.42,9.271428571
E0,19/01/04,Newcastle,Fulham,3,1,H,2,0,H,N Barry,10,13,9,6,10,8,7,4,0,1,0,0,1.66,3.4,5.5,1.62,3.45,5.4,1.65,3.3,4.4,1.62,3.5,4.5,1.57,3.6,6,1.62,3.4,5,1.57,3.5,5,1.75,1.95,1.85,1.95,1.85,2,-0.75,1.8,2.05,-0.75,1.875,2.025,-0.75,1.615714286,3.45,5.114285714
E0,21/01/04,Wolves,Liverpool,1,1,D,0,1,A,B Knight,9,14,6,10,14,16,7,5,2,1,0,0,4.5,3.4,1.8,4.3,3.25,1.8,3.6,3.1,1.85,4,3.2,1.8,4.5,3.25,1.73,4,3.25,1.8,4,3.1,1.8,1.9,1.79,1.9,1.9,2.05,1.8,0.5,2.05,1.8,0.5,2.075,1.825,0.5,4.128571429,3.221428571,1.797142857
E0,31/01/04,Birmingham,Newcastle,1,1,D,0,1,A,R Styles,15,4,5,2,13,11,2,3,1,3,0,0,2.7,3.25,2.5,2.6,3.2,2.5,2.7,2.9,2.4,2.6,3.2,2.375,2.75,3.25,2.25,2.7,3.1,2.37,2.5,3.1,2.5,1.9,1.79,2.05,1.75,2.08,1.77,0,1.8,2.05,0.25,2.1,1.8,0,2.65,3.142857143,2.413571429
E0,31/01/04,Charlton,Bolton,1,2,A,1,1,D,A D'Urso,14,14,7,10,9,9,5,6,0,0,0,0,1.8,3.3,4.5,1.85,3.3,4,1.85,3.1,3.6,1.727,3.2,4.333,1.8,3.25,4,1.8,3.25,4,1.72,3.25,4.2,1.85,1.85,1.95,1.85,1.85,2,-0.5,1.95,1.9,-0.5,1.975,1.925,-0.5,1.792428571,3.235714286,4.090428571
E0,31/01/04,Fulham,Tottenham,2,1,H,1,1,D,M Messias,16,4,10,4,6,12,10,13,1,1,0,0,2.375,3.25,2.875,2.3,3.25,2.85,2.1,3,3.1,2.2,3.2,2.8,2.25,3.25,2.75,2.2,3.2,2.87,2.25,3.2,2.75,1.79,1.9,2,1.8,2.05,1.8,-0.25,2,1.85,-0.25,2,1.9,-0.25,2.239285714,3.192857143,2.856428571
E0,31/01/04,Leeds,Middlesbrough,0,3,A,0,0,D,G Poll,8,15,4,6,14,6,7,6,1,1,1,0,2.5,3.25,2.7,2.45,3.2,2.65,2.4,3.2,2.4,2.5,3.25,2.4,2.5,3.2,2.5,2.5,3.2,2.5,2.75,3.2,2.25,1.85,1.85,2.05,1.75,1.9,1.95,0,1.95,1.9,0,2,1.9,0,2.514285714,3.214285714,2.485714286
E0,31/01/04,Leicester,Aston Villa,0,5,A,0,0,D,J Winter,13,14,9,10,12,7,5,9,0,1,0,0,2.5,3.25,2.7,2.45,3.2,2.65,2.3,2.8,2.9,2.4,3.25,2.5,2.38,3.2,2.62,2.37,3.1,2.7,2.3,3.1,2.75,1.85,1.85,2.05,1.75,1.8,2.05,0,1.85,2,0,1.8,2.1,0,2.385714286,3.128571429,2.688571429
E0,31/01/04,Liverpool,Everton,0,0,D,0,0,D,S Bennett,21,6,9,4,7,11,8,3,0,1,0,0,1.727,3.4,5,1.72,3.35,4.75,1.75,3.2,4,1.727,3.2,4.333,1.62,3.4,5,1.66,3.4,4.5,1.57,3.3,5.5,1.79,1.9,1.95,1.85,2,1.85,-0.75,1.95,1.9,-0.75,1.95,1.95,-0.75,1.682,3.321428571,4.726142857
E0,31/01/04,Man United,Southampton,3,2,H,2,1,H,G Barber,12,17,7,11,9,11,1,10,0,2,0,0,1.25,5.5,10,1.26,5,10,1.25,4.5,9,1.25,4.5,10,1.27,5,11,1.25,4.75,10,1.22,5,9.5,1.71,2,1.75,2.05,1.85,2,-1.5,1.9,1.95,-1.5,1.875,2.025,-1.5,1.25,4.892857143,9.928571429
E0,31/01/04,Portsmouth,Wolves,0,0,D,0,0,D,H Webb,17,8,10,4,9,6,6,6,0,1,0,0,1.909,3.25,4,1.9,3.3,3.75,1.85,3.1,3.6,1.727,3.4,4,1.91,3.25,3.6,1.83,3.3,3.75,1.83,3.3,3.6,1.85,1.85,1.9,1.9,1.9,1.95,-0.5,1.95,1.9,-0.5,2,1.9,-0.5,1.850857143,3.271428571,3.757142857
E0,1/2/2004,Arsenal,Man City,2,1,H,1,0,H,A Wiley,11,9,9,8,13,13,5,4,2,2,0,1,1.25,5.5,10,1.26,5,10,1.22,4.8,9.5,1.2,5,11,1.25,5.5,10,1.25,4.75,10,1.25,4.5,10,1.65,2.05,1.7,2.1,1.95,1.9,-1.5,1.9,1.95,-1.5,2,1.9,-1.5,1.24,5.007142857,10.07142857
E0,1/2/2004,Blackburn,Chelsea,2,3,A,1,2,A,D Gallagher,13,17,7,9,9,14,5,6,2,0,0,0,4.5,3.3,1.8,4.25,3.25,1.8,3.8,3.1,1.8,4.5,3.25,1.667,4.33,3.4,1.8,4.33,3.25,1.72,4.5,3.3,1.66,1.71,2,1.9,1.9,2.05,1.8,0.5,2.05,1.8,0.5,2.05,1.85,0.5,4.315714286,3.264285714,1.749571429
E0,7/2/2004,Aston Villa,Leeds,2,0,H,1,0,H,U Rennie,15,7,7,4,15,16,3,10,2,2,0,0,1.615,3.4,6,1.6,3.4,5.5,1.55,3.5,4.8,1.5,3.4,6,1.5,3.5,6,1.53,3.6,5.5,1.44,3.75,6,1.75,1.95,1.85,1.95,2.3,1.55,-1.25,2,1.85,-1,1.85,2.05,-0.75,1.533571429,3.507142857,5.685714286
E0,7/2/2004,Bolton,Liverpool,2,2,D,1,0,H,A Wiley,12,11,6,6,15,15,3,5,3,2,0,0,3.1,3.2,2.25,2.9,3.25,2.25,2.8,2.9,2.3,2.8,3.2,2.2,2.8,3.25,2.2,2.8,3.2,2.25,2.87,3.1,2.2,1.85,1.85,2,1.8,1.9,1.95,0.25,1.95,1.9,0.25,1.95,1.95,0.25,2.867142857,3.157142857,2.235714286
E0,7/2/2004,Everton,Man United,3,4,A,0,3,A,N Barry,12,19,8,9,11,14,7,7,1,0,0,0,5.5,3.6,1.615,5.25,3.5,1.61,4.6,3.4,1.6,5,3.5,1.571,5,3.4,1.62,5,3.4,1.61,5.5,3.3,1.57,1.85,1.85,1.9,1.9,2,1.85,0.75,2.1,1.75,0.75,2.05,1.85,0.75,5.121428571,3.442857143,1.599428571
E0,7/2/2004,Middlesbrough,Blackburn,0,1,A,0,1,A,R Styles,15,6,7,2,6,12,8,3,0,1,0,0,1.909,3.25,4,1.95,3.25,3.6,2,3.1,3.2,1.8,3.25,3.75,1.91,3.25,3.5,2,3.25,3.25,2,3.2,3.2,1.85,1.85,2,1.8,1.95,1.85,-0.5,2.05,1.8,-0.5,1.775,2.125,-0.25,1.938428571,3.221428571,3.5
E0,7/2/2004,Newcastle,Leicester,3,1,H,2,0,H,S Dunn,15,7,9,3,17,11,9,1,1,2,0,0,1.4,4.333,7.5,1.42,3.75,8,1.4,3.9,6,1.364,3.75,8,1.36,3.75,8.5,1.4,3.75,7.5,1.4,3.6,7.5,1.75,1.95,1.75,2.05,1.55,2.3,-1,2.05,1.8,-1.5,1.875,2.025,-1.25,1.392,3.833285714,7.571428571
E0,7/2/2004,Southampton,Fulham,0,0,D,0,0,D,A D'Urso,11,11,6,8,12,18,17,3,1,2,0,0,2.1,3.25,3.4,2,3.3,3.3,1.9,3.1,3.5,1.909,3.25,3.4,2.1,3.25,3,2.1,3.2,3.1,2,3.2,3.2,1.85,1.85,2.05,1.75,1.8,2,-0.25,1.75,2.1,-0.25,2.125,1.775,-0.5,2.015571429,3.221428571,3.271428571
E0,7/2/2004,Tottenham,Portsmouth,4,3,H,2,1,H,P Walton,15,16,13,9,16,13,6,5,1,0,0,0,1.667,3.4,5.5,1.65,3.4,5,1.7,3.2,4.2,1.615,3.5,4.5,1.62,3.4,5,1.61,3.4,5,1.57,3.5,5,1.79,1.9,1.95,1.85,2.1,1.7,-1,1.9,1.95,-0.75,1.95,1.95,-0.75,1.633142857,3.4,4.885714286
E0,7/2/2004,Wolves,Arsenal,1,3,A,1,1,D,P Dowd,12,10,5,7,18,18,6,4,2,1,0,0,9,4,1.4,7.5,4,1.4,5.4,3.8,1.45,7,3.75,1.4,8.5,4,1.33,7.5,3.75,1.4,8,4,1.33,1.79,1.9,1.85,1.95,1.65,2.1,1.5,1.95,1.9,1.25,1.925,1.975,1.25,7.557142857,3.9,1.387142857
E0,8/2/2004,Chelsea,Charlton,1,0,H,1,0,H,S Bennett,16,5,6,0,9,17,4,3,2,0,0,0,1.364,4.333,9,1.4,3.9,7.8,1.4,3.9,6,1.333,4,8,1.33,4.75,8.5,1.36,3.75,8.5,1.4,3.6,7.5,1.71,2,1.85,1.95,1.55,2.3,-1,1.95,1.9,-1.25,1.9,2,-1.25,1.369571429,4.033285714,7.9
E0,8/2/2004,Man City,Birmingham,0,0,D,0,0,D,P Durkin,21,7,12,2,11,10,11,5,0,1,0,0,2,3.4,3.5,2.15,3.25,3.05,2,3.1,3.2,2.2,3.25,2.75,2.1,3.25,3.4,2.1,3.25,3,2.1,3.2,3,1.9,1.79,1.95,1.85,1.5,2.45,0,2.05,1.8,-0.5,1.875,2.025,-0.25,2.092857143,3.242857143,3.128571429
E0,10/2/2004,Arsenal,Southampton,2,0,H,1,0,H,N Barry,11,10,6,6,13,12,5,9,2,3,0,0,1.25,5,13,1.23,5.25,11,1.22,4.8,9.5,1.25,4.5,10,1.22,5,10,1.25,5,9,1.22,5,9.5,1.71,2,1.75,2.05,1.65,2.15,-1.25,2,1.85,-1.5,2.05,1.85,-1.5,1.234285714,4.935714286,10.28571429
E0,10/2/2004,Leeds,Wolves,4,1,H,2,1,H,M Dean,20,11,8,5,15,14,4,3,1,2,0,0,2.1,3.25,3.4,2.15,3.25,3.1,2,3.2,3.1,2.1,3.2,3,2.1,3.25,3,2.1,3.25,3,2.1,3.2,3,1.95,1.75,2,1.8,1.55,2.31,0,1.8,2.05,-0.25,1.85,2.05,-0.25,2.092857143,3.228571429,3.085714286
E0,10/2/2004,Leicester,Bolton,1,1,D,1,1,D,U Rennie,15,9,15,9,16,13,8,7,1,2,0,0,2.7,3.25,2.5,2.65,3.25,2.4,2.5,3,2.5,2.38,3.2,2.6,2.75,3.3,2.4,2.6,3.2,2.4,2.62,3.1,2.37,1.95,1.75,1.95,1.85,2.3,1.55,-0.25,2,1.85,0,2.05,1.85,0,2.6,3.185714286,2.452857143
E0,11/2/2004,Birmingham,Everton,3,0,H,2,0,H,M Halsey,15,5,11,3,10,14,8,11,1,0,0,0,2.1,3.25,3.4,2.05,3.25,3.35,2,3.1,3.2,2.1,3.2,3,2,3.25,3.25,2,3.25,3.25,1.9,3.2,3.5,2,1.71,2.05,1.75,1.6,2.2,0,2,1.85,-0.25,1.95,1.95,-0.25,2.021428571,3.214285714,3.278571429
E0,11/2/2004,Blackburn,Newcastle,1,1,D,0,0,D,M Messias,17,14,7,7,12,10,8,6,0,0,0,0,2.87,3.25,2.37,2.7,3.2,2.4,2.5,3,2.5,2.8,3.2,2.2,2.62,3.2,2.38,2.62,3.2,2.38,2.62,3.1,2.37,1.79,1.9,1.85,1.95,2.3,1.55,-0.25,2.05,1.8,0,2.1,1.8,0,2.675714286,3.164285714,2.371428571
E0,11/2/2004,Charlton,Tottenham,2,4,A,0,2,A,G Barber,18,12,14,10,13,14,10,4,3,0,0,0,2.1,3.25,3.4,2.1,3.25,3.2,2.1,3,3.1,2.1,3.2,3,2,3.25,3.25,2,3.25,3.25,2.1,3.2,3,1.79,1.9,1.95,1.85,1.5,2.45,0,1.8,2.05,-0.25,1.9,2,-0.25,2.071428571,3.2,3.171428571
E0,11/2/2004,Fulham,Aston Villa,1,2,A,1,2,A,B Knight,13,10,6,3,16,17,6,5,2,1,1,0,2.2,3.25,3.2,2.15,3.25,3.1,2.1,3,3.1,2,3.2,3.2,2.1,3.25,3,2.2,3.1,3,2,3.2,3.2,1.79,1.9,2,1.8,1.55,2.3,0,1.95,1.9,-0.25,1.975,1.925,-0.25,2.107142857,3.178571429,3.114285714
E0,11/2/2004,Liverpool,Man City,2,1,H,1,0,H,M Riley,12,6,7,3,7,8,6,3,0,0,0,0,1.61,3.6,5.5,1.62,3.45,5.35,1.65,3.3,4.4,1.44,3.6,6.5,1.57,3.4,5.5,1.57,3.4,5.5,1.66,3.3,4.5,1.85,1.85,1.9,1.9,2.05,1.7,-1,1.8,2.05,-0.75,1.8,2.1,-0.75,1.588571429,3.435714286,5.321428571
E0,11/2/2004,Man United,Middlesbrough,2,3,A,1,2,A,P Durkin,23,12,13,8,13,17,10,5,1,1,0,0,1.25,5.5,11,1.23,5.25,11,1.25,4.5,9,1.22,5,10,1.22,5,10,1.22,5,10,1.22,5,9.5,1.75,1.95,1.75,2.05,1.6,2.2,-1.25,1.9,1.95,-1.5,1.95,1.95,-1.5,1.23,5.035714286,10.07142857
E0,11/2/2004,Portsmouth,Chelsea,0,2,A,0,1,A,G Poll,11,10,5,4,8,13,9,10,1,2,0,0,5.5,3.6,1.61,5.5,3.45,1.6,4.8,3.5,1.55,5,3.5,1.57,4.75,4,1.62,5.5,3.4,1.57,5.5,3.4,1.53,1.75,1.95,1.85,1.95,2,1.85,0.75,,,,2,1.9,0.75,5.221428571,3.55,1.578571429
E0,21/02/04,Bolton,Man City,1,3,A,1,2,A,S Dunn,16,17,11,13,9,10,12,11,0,2,0,0,2.2,3.25,3.2,2.1,3.2,3.4,2,3.1,3.2,2.1,3.2,3,2,3.25,3.25,2,3.25,3.25,2,3.2,3.2,1.85,1.85,1.95,1.85,1.95,1.9,-0.25,2,1.85,-0.25,,,,2.057142857,3.207142857,3.214285714
E0,21/02/04,Charlton,Blackburn,3,2,H,2,0,H,U Rennie,11,18,7,12,7,6,8,12,0,0,0,0,2.2,3.25,3.2,2.1,3.2,3.4,2.2,3,2.9,2,3.2,3.2,2.2,3.25,2.8,2,3.25,3.25,2.2,3.2,2.8,1.75,1.95,1.95,1.85,1.6,2.2,0,2,1.85,-0.25,2.025,1.875,-0.25,2.128571429,3.192857143,3.078571429
E0,21/02/04,Chelsea,Arsenal,1,2,A,1,2,A,M Riley,10,9,4,7,16,18,11,5,4,2,1,0,2.625,3.2,2.6,2.6,3.2,2.6,2.5,3,2.5,2.375,3.2,2.6,2.6,3.2,2.6,2.4,3.2,2.6,2.62,2.9,2.5,1.79,1.9,2,1.8,2.2,1.6,-0.25,1.85,2,0,1.85,2.05,0,2.531428571,3.128571429,2.571428571
E0,21/02/04,Man United,Leeds,1,1,D,0,0,D,M Halsey,24,7,7,3,12,17,12,7,1,2,0,0,1.222,5.5,13,1.25,5.25,11,1.25,4.5,9,1.25,4.5,10,1.2,5.5,10,1.2,5.5,10,1.2,5,11,1.5,2.35,1.66,2.15,1.45,2.6,-1.25,1.95,1.9,-1.75,1.775,2.125,-1.5,1.224571429,5.107142857,10.57142857
E0,21/02/04,Newcastle,Middlesbrough,2,1,H,0,1,A,G Poll,16,8,9,4,20,21,7,3,0,3,0,0,1.727,3.4,5,1.8,3.25,4.5,1.7,3.2,4.2,1.615,3.25,5,1.62,3.4,5,1.72,3.25,4.33,1.72,3.2,4.33,1.79,1.9,1.95,1.85,2.15,1.65,-1,2.05,1.8,-0.75,2.125,1.775,-0.75,1.700285714,3.278571429,4.622857143
E0,21/02/04,Southampton,Everton,3,3,D,0,2,A,P Dowd,9,12,5,6,14,19,6,5,1,0,0,0,2,3.2,3.75,2,3.25,3.65,1.85,3.1,3.6,1.833,3.2,3.75,2,3.25,3.25,2,3.25,3.25,1.83,3.2,3.75,1.95,1.75,2.1,1.7,1.8,2.05,-0.25,1.85,2,-0.25,1.825,2.075,-0.25,1.930428571,3.207142857,3.571428571
E0,21/02/04,Wolves,Fulham,2,1,H,1,0,H,H Webb,12,9,10,5,13,16,8,6,1,0,0,0,2.6,3.2,2.625,2.5,3.2,2.7,2.4,3,2.6,2.375,3.2,2.6,2.5,3.2,2.5,2.37,3.2,2.62,2.37,3.1,2.62,1.9,1.79,1.9,1.9,2.2,1.6,-0.25,1.8,2.05,0,1.9,2,0,2.445,3.157142857,2.609285714
E0,22/02/04,Aston Villa,Birmingham,2,2,D,1,0,H,J Winter,11,13,8,9,15,14,7,5,0,1,0,0,2.1,3.1,3.6,2.05,3.25,3.5,2,3.1,3.2,2,2.875,3.6,2.1,3.25,3.4,2,3.2,3.3,2,3,3.4,2,1.71,2.15,1.66,1.7,2.05,-0.25,2.05,1.8,-0.5,1.9,2,-0.25,2.035714286,3.110714286,3.428571429
E0,22/02/04,Tottenham,Leicester,4,4,D,3,1,H,N Barry,10,14,9,7,9,14,4,3,0,2,0,1,1.571,3.5,6.5,1.6,3.6,5.6,1.65,3.3,4.4,1.5,3.4,6,1.57,3.75,5.5,1.57,3.4,5.5,1.57,3.3,5.5,1.65,2.05,1.8,2,2.3,1.55,-1.25,2.05,1.8,-1,1.8,2.1,-0.75,1.575857143,3.464285714,5.571428571
E0,28/02/04,Arsenal,Charlton,2,1,H,2,0,H,G Barber,21,6,11,3,8,10,12,3,0,0,0,0,1.286,5,10,1.25,5,12,1.35,4,7,1.222,5,10,1.22,5,10,1.25,5,9,1.2,5,11,1.65,2.05,1.75,2.05,2.05,1.8,-1.5,2,1.85,-1.5,2.05,1.85,-1.5,1.254,4.857142857,9.857142857
E0,28/02/04,Blackburn,Southampton,1,1,D,0,1,A,M Dean,16,10,7,6,10,8,6,9,1,1,0,0,2.1,3.25,3.4,2.1,3.25,3.3,1.9,3.1,3.5,2.1,3.2,3,2.1,3.25,3,2.1,3.2,3.1,2.1,3.2,3,1.9,1.79,1.9,1.9,1.8,2.05,-0.25,1.8,2.05,-0.25,1.8,2.1,-0.25,2.071428571,3.207142857,3.185714286
E0,28/02/04,Everton,Aston Villa,2,0,H,0,0,D,M Messias,15,12,7,8,13,18,5,11,4,2,0,0,2.375,3.25,2.875,2.3,3.25,2.95,2.3,3,2.7,2.2,3.2,2.8,2.38,3.2,2.62,2.25,3.2,2.8,2.25,3.2,2.75,1.79,1.9,2.05,1.75,1.95,1.9,-0.25,1.9,1.95,-0.25,2,1.9,-0.25,2.293571429,3.185714286,2.785
E0,28/02/04,Fulham,Man United,1,1,D,0,1,A,A Wiley,7,13,3,7,13,19,4,3,1,3,0,0,5,3.6,1.667,5.1,3.5,1.67,4,3.2,1.75,4.5,3.25,1.667,4.5,3.4,1.67,5,3.4,1.61,5,3.5,1.57,1.71,2,1.85,1.95,1.8,2.05,1,1.75,2.1,1,2.025,1.875,0.75,4.728571429,3.407142857,1.657714286
E0,28/02/04,Leicester,Wolves,0,0,D,0,0,D,J Winter,10,6,6,3,7,9,6,3,0,1,0,0,2.2,3.25,3.2,2.2,3.2,3.2,2.1,3,3.2,2.1,3.2,3,2.2,3.2,2.88,2.1,3.25,3,2,3.1,3.3,1.85,1.85,1.95,1.85,1.95,1.9,-0.25,1.95,1.9,-0.25,1.925,1.975,-0.25,2.128571429,3.171428571,3.111428571
E0,28/02/04,Man City,Chelsea,0,1,A,0,0,D,R Styles,14,9,4,4,8,11,7,1,0,1,0,0,4.333,3.3,1.833,4.4,3.35,1.8,4,3.2,1.75,4,3.4,1.727,4.33,3.25,1.73,4.33,3.25,1.72,4.2,3.25,1.72,1.75,1.95,1.9,1.9,1.9,1.8,0.5,1.95,1.9,0.5,2,1.9,0.5,4.227571429,3.285714286,1.754285714
E0,29/02/04,Leeds,Liverpool,2,2,D,2,2,D,P Durkin,12,22,6,13,13,11,6,8,0,1,0,0,3.2,3.25,2.2,3.2,3.2,2.2,3.2,3.1,2,2.75,3.2,2.25,3.4,3,2.2,3,3.25,2.1,3.5,3.2,1.9,1.79,1.9,2,1.8,2,1.85,0.25,2.05,1.8,0.25,1.975,1.925,0.25,3.178571429,3.171428571,2.121428571
E0,29/02/04,Portsmouth,Newcastle,1,1,D,0,1,A,A D'Urso,18,5,8,2,9,9,8,6,2,2,0,0,3.2,3.25,2.2,3.2,3.2,2.2,3.2,3,2.1,3,3.2,2.1,2.8,3.25,2.2,3,3.25,2.1,2.8,3.2,2.2,1.85,1.85,1.95,1.85,1.95,1.9,0.25,2,1.85,0.25,1.95,1.95,0.25,3.028571429,3.192857143,2.157142857
E0,3/3/2004,Birmingham,Middlesbrough,3,1,H,1,0,H,R Styles,9,8,5,6,13,20,4,5,3,4,0,1,2.1,3.25,3.4,2.15,3.25,3.25,2,3.1,3.2,2.1,3.2,3,2.1,3.3,3.3,2.1,3.25,3,2.1,3.1,3.1,1.95,1.75,,,1.6,2.2,0,1.95,1.9,-0.25,2,1.9,-0.25,2.092857143,3.207142857,3.178571429
E0,6/3/2004,Birmingham,Bolton,2,0,H,1,0,H,A D'Urso,10,10,6,2,10,15,3,5,1,1,0,0,2.1,3.25,3.2,2.1,3.2,3.4,2,3,3.3,2,3.2,3.2,1.95,3.25,3.8,2,3.25,3.25,2,3.2,3.2,1.85,1.85,2,1.8,1.85,2,-0.25,1.9,1.95,-0.25,1.925,1.975,-0.25,2.021428571,3.192857143,3.335714286
E0,9/3/2004,Middlesbrough,Tottenham,1,0,H,0,0,D,A D'Urso,10,10,6,2,10,15,3,5,1,1,0,0,2.2,3.25,2.8,2.25,3.3,3,2.1,3,3.1,2,3.2,3.2,2.2,3.2,3.2,2.1,3.25,3,2.2,3.25,2.75,2,1.71,2,1.8,1.9,1.95,-0.25,1.9,1.95,-0.25,1.85,2.05,-0.25,2.15,3.207142857,3.007142857
E0,13/03/04,Birmingham,Leicester,0,1,A,0,0,D,M Messias,6,4,4,2,12,26,8,6,1,2,0,0,1.571,3.5,6.5,1.53,3.65,6.5,1.5,3.7,5,1.444,3.75,6,1.5,3.75,7,1.5,3.6,6,1.53,3.4,5.5,1.75,1.95,1.85,1.95,2.2,1.6,-1.25,1.75,2.1,-1,1.9,2,-1,1.510714286,3.621428571,6.071428571
E0,13/03/04,Blackburn,Arsenal,0,2,A,0,0,D,A Wiley,10,14,5,5,12,11,8,3,1,1,0,0,6.5,3.75,1.533,6,3.6,1.57,4.6,3.4,1.6,6,3.4,1.5,7,3.75,1.5,6,3.4,1.53,6,3.4,1.5,1.71,2,1.8,2,2.25,1.57,0.5,2.1,1.75,0.75,1.8,2.1,1,6.014285714,3.528571429,1.533285714
E0,13/03/04,Bolton,Chelsea,0,2,A,0,0,D,G Poll,20,12,11,8,8,13,8,6,1,0,0,0,4.5,3.6,1.727,4.75,3.4,1.73,4,3.2,1.75,4.333,3.2,1.727,5,3.6,1.67,4.33,3.25,1.73,4.5,3.3,1.66,1.79,1.9,1.9,1.9,1.98,1.73,0.5,2.05,1.8,0.5,1.8,2.1,0.75,4.487571429,3.364285714,1.713428571
E0,13/03/04,Charlton,Middlesbrough,1,0,H,1,0,H,M Dean,14,15,7,9,13,9,4,7,0,0,0,0,2.2,3.25,3.2,2.2,3.2,3.15,2.1,3,3.1,2.1,3.2,3,2.2,3.25,3.1,2.1,3.25,3,2.1,3.2,3,1.9,1.79,2,1.8,1.92,1.92,-0.25,1.95,1.9,-0.25,1.95,1.95,-0.25,2.142857143,3.192857143,3.078571429
E0,13/03/04,Everton,Portsmouth,1,0,H,0,0,D,N Barry,13,5,6,3,10,12,6,4,0,2,0,0,1.727,3.4,5,1.75,3.4,4.7,1.7,3.2,4.2,1.727,3.2,4.333,1.67,3.3,5.5,1.67,3.4,4.5,1.72,3.2,4.33,1.79,1.9,2,1.8,2,1.85,-0.75,1.95,1.9,-0.75,2.05,1.85,-0.75,1.709142857,3.3,4.651857143
E0,13/03/04,Fulham,Leeds,2,0,H,0,0,D,S Dunn,19,9,10,6,14,13,4,7,4,3,0,0,1.833,3.3,4.333,1.85,3.4,4,1.8,3.1,3.8,1.8,3.25,3.75,1.8,3.4,4.33,1.85,3.25,3.75,1.72,3.4,4,1.79,1.9,2,1.8,1.7,2.05,-0.25,2.05,1.8,-0.5,2.05,1.85,-0.5,1.807571429,3.3,3.994714286
E0,14/03/04,Man City,Man United,4,1,H,2,1,H,S Bennett,17,17,11,9,18,14,7,4,1,2,0,0,4,3.25,1.909,4.33,3.4,1.8,4.2,3.2,1.7,4,3.2,1.8,4.33,3.4,1.8,4,3.2,1.8,4,3.4,1.72,1.71,2,1.85,1.95,1.9,1.8,0.5,1.95,1.9,0.5,2,1.9,0.5,4.122857143,3.292857143,1.789857143
E0,14/03/04,Southampton,Liverpool,2,0,H,0,0,D,D Gallagher,7,18,3,12,20,8,1,7,3,1,0,0,2.875,3.25,2.375,2.8,3.25,2.4,2.7,3,2.3,2.6,3.2,2.375,2.88,3.2,2.38,2.62,3.2,2.38,2.75,3.2,2.25,1.9,1.79,2,1.8,1.5,2.4,0.5,1.85,2,0.25,1.8,2.1,0.25,2.746428571,3.185714286,2.351428571
E0,14/03/04,Tottenham,Newcastle,1,0,H,0,0,D,H Webb,11,6,4,4,13,13,3,12,0,0,0,0,2.5,3.25,2.7,2.5,3.2,2.7,2.5,3,2.5,2.375,3.2,2.6,2.4,3.25,2.8,2.4,3.2,2.6,2.4,3.1,2.6,1.75,1.95,1.85,1.95,2.2,1.6,-0.25,1.95,1.9,0,1.95,1.95,0,2.439285714,3.171428571,2.642857143
E0,14/03/04,Wolves,Aston Villa,0,4,A,0,3,A,P Durkin,9,15,1,7,10,14,8,13,1,2,0,0,2.7,3.25,2.5,2.6,3.2,2.6,2.5,3,2.5,2.375,3.2,2.6,2.5,3.3,2.62,2.5,3,2.6,2.4,3.1,2.6,1.85,1.85,2,1.8,2.2,1.6,-0.25,1.95,1.9,0,1.975,1.925,0,2.510714286,3.15,2.574285714
E0,17/03/04,Liverpool,Portsmouth,3,0,H,2,0,H,B Knight,20,4,13,4,9,20,10,8,0,1,0,0,1.44,4,7.5,1.45,3.75,8,1.45,3.8,5.4,1.4,3.75,7,1.44,3.75,8,1.44,3.75,6.5,1.44,3.5,7,1.79,1.9,1.95,1.85,2.15,1.65,-1.25,1.8,2.05,-1,2.025,1.825,-1,1.437142857,3.757142857,7.057142857
E0,20/03/04,Arsenal,Bolton,2,1,H,2,1,H,G Barber,11,8,8,2,12,14,6,1,1,2,0,0,1.222,5.5,13,1.25,5.25,11,1.25,4.5,9,1.2,5,11,1.22,5.5,12,1.2,5.5,10,1.22,5,9.5,1.65,2.05,1.75,2.05,1.7,2.05,-1.25,1.95,1.9,-1.5,1.975,1.925,-1.5,1.223142857,5.178571429,10.78571429
E0,20/03/04,Aston Villa,Blackburn,0,2,A,0,2,A,A D'Urso,10,16,7,7,11,14,4,6,0,2,0,0,1.8,3.4,4.5,1.85,3.25,4.25,1.85,3.1,3.6,1.667,3.25,4.5,1.8,3.4,4.33,1.8,3.25,4,1.8,3.3,3.75,1.85,1.85,1.95,1.85,1.55,2.3,-0.25,1.85,2,-0.5,1.85,2.05,-0.5,1.795285714,3.278571429,4.132857143
E0,20/03/04,Chelsea,Fulham,2,1,H,2,1,H,N Barry,13,5,8,1,12,13,9,1,1,2,0,0,1.444,4,7.5,1.44,4,7.5,1.45,3.8,5.4,1.4,3.75,7,1.44,3.75,8,1.4,3.75,7.5,1.44,3.6,6.5,1.79,1.9,1.9,1.9,2,1.75,-1.25,1.8,2.05,-1,1.825,2.075,-1,1.430571429,3.807142857,7.057142857
E0,20/03/04,Leicester,Everton,1,1,D,0,0,D,B Knight,10,7,4,3,12,21,9,2,1,5,0,1,2.5,3.25,2.7,2.5,3.2,2.72,2.4,2.9,2.7,2.375,3.2,2.6,2.4,3.25,2.8,2.4,3.2,2.6,2.37,3,2.7,1.85,1.85,2,1.8,2.2,1.6,-0.25,1.85,2,0,1.9,2,0,2.420714286,3.142857143,2.688571429
E0,20/03/04,Liverpool,Wolves,1,0,H,0,0,D,R Styles,12,8,4,6,5,12,14,4,0,1,0,0,1.364,4.333,9,1.4,4,8.5,1.35,4,7,1.364,3.75,8,1.3,4.75,10,1.36,4,7.5,1.36,3.75,8,1.79,1.9,1.9,1.9,1.55,2.3,-1,1.75,2.1,-1.25,1.8,2.1,-1.25,1.356857143,4.083285714,8.285714286
E0,20/03/04,Man United,Tottenham,3,0,H,1,0,H,D Gallagher,11,8,6,3,14,10,4,2,1,1,0,0,1.444,4,7.5,1.44,4,7.5,1.37,3.9,6.5,1.4,3.75,7,1.44,4.2,6.5,1.4,3.75,7.5,1.44,3.6,6.5,1.65,2.05,1.75,2.05,1.8,1.95,-1,2,1.85,-1.25,2.075,1.825,-1.25,1.419142857,3.885714286,7
E0,20/03/04,Middlesbrough,Birmingham,5,3,H,4,2,H,U Rennie,13,18,9,12,11,13,4,4,2,0,0,0,2.2,3.2,3.25,2.2,3.2,3.2,2.3,3,2.7,2,3.2,3.2,2.2,3.2,3.2,2.1,3.25,3,2.25,3.1,2.8,2,1.71,2.15,1.66,1.5,2.45,0,1.85,2,-0.25,1.9,2,-0.25,2.178571429,3.164285714,3.05
E0,20/03/04,Newcastle,Charlton,3,1,H,2,0,H,M Riley,15,6,10,2,11,12,6,6,0,2,0,0,1.727,3.4,5,1.7,3.4,5,1.7,3.2,4.2,1.615,3.25,5,1.67,3.6,5,1.66,3.4,4.5,1.66,3.3,4.5,1.85,1.85,2,1.8,2.15,1.65,-1,1.95,1.9,-0.75,2.025,1.875,-0.75,1.676,3.364285714,4.742857143
E0,21/03/04,Portsmouth,Southampton,1,0,H,0,0,D,M Halsey,16,13,8,8,16,12,6,4,0,2,0,0,2.6,3.1,2.7,2.5,3.2,2.7,2.3,3,2.7,2.5,3.2,2.5,2.5,3.3,2.63,2.4,3.2,2.6,2.4,3.1,2.6,1.95,1.75,2.15,1.66,2.05,1.7,-0.25,1.85,2,0,1.85,2.05,0,2.457142857,3.157142857,2.632857143
E0,22/03/04,Leeds,Man City,2,1,H,1,1,D,A Wiley,4,21,3,14,13,14,4,5,2,1,0,1,2.5,3.25,2.7,2.45,3.2,2.77,2.3,3,2.7,2.25,3.2,2.75,2.5,3.3,2.63,2.37,3.2,2.62,2.6,3.1,2.4,1.79,1.9,1.95,1.85,2.05,1.7,-0.25,1.8,2.05,0,1.85,2.05,0,2.424285714,3.178571429,2.652857143
E0,27/03/04,Birmingham,Leeds,4,1,H,1,1,D,M Halsey,17,11,7,7,11,18,7,7,0,1,0,0,1.833,3.3,4.333,1.95,3.3,3.75,1.75,3.2,4,1.727,3.4,4,1.8,3.4,4.33,1.83,3.4,3.6,1.72,3.4,4,1.9,1.79,2,1.8,1.6,2.2,-0.25,2,1.85,-0.5,2.05,1.85,-0.5,1.801428571,3.342857143,4.001857143
E0,27/03/04,Blackburn,Portsmouth,1,2,A,1,1,D,P Durkin,14,8,9,4,11,10,5,3,0,0,0,0,1.8,3.4,4.333,1.8,3.35,4.4,1.8,3.1,3.8,1.8,3.25,3.75,1.73,3.4,4.75,1.72,3.4,4.2,1.66,3.3,4.5,1.9,1.79,1.95,1.85,2.15,1.65,-1,1.95,1.9,-0.75,1.8,2.1,-0.5,1.758571429,3.314285714,4.247571429
E0,27/03/04,Charlton,Aston Villa,1,2,A,1,1,D,B Knight,11,19,9,11,11,14,3,12,1,1,0,0,2.2,3.25,3.2,2.25,3.15,3.15,2.2,3,2.9,2.2,3.2,2.8,2.1,3.2,3.4,2.1,3.25,3,2.2,3.1,2.87,1.9,1.79,1.95,1.85,1.55,2.3,0,2,1.85,-0.25,2,1.9,-0.25,2.178571429,3.164285714,3.045714286
E0,27/03/04,Chelsea,Wolves,5,2,H,1,1,D,G Barber,15,9,10,4,6,12,7,4,0,2,0,0,1.25,5,13,1.25,5.15,11.5,1.25,4.5,9,1.2,5,11,1.2,5.5,15,1.22,5,10,1.2,5,11,1.71,2,1.8,2,1.5,2.45,-1.25,1.8,2.05,-1.5,1.8,2.1,-1.5,1.224285714,5.021428571,11.5
E0,27/03/04,Everton,Middlesbrough,1,1,D,0,0,D,S Bennett,14,10,7,5,16,13,8,4,0,2,0,0,2.2,3.25,3.2,2.2,3.2,3.2,2,3.1,3.2,2.2,3.2,2.8,2.2,3.25,3.1,2.2,3.2,2.87,2.1,3.1,3.1,1.95,1.75,2,1.8,1.55,2.3,0,1.85,2,-0.25,1.95,1.95,-0.25,2.157142857,3.185714286,3.067142857
E0,27/03/04,Man City,Fulham,0,0,D,0,0,D,J Winter,12,5,4,2,12,10,3,1,1,0,0,0,2,3.4,3.5,2.05,3.3,3.5,1.9,3.1,3.5,2.1,3.2,3,2.1,3.4,3.2,2,3.25,3.25,1.9,3.25,3.4,1.85,1.85,1.9,1.9,1.7,2.05,-0.25,2,1.85,-0.5,2,1.9,-0.5,2.007142857,3.271428571,3.335714286
E0,27/03/04,Southampton,Tottenham,1,0,H,0,0,D,C Foy,18,15,11,9,8,16,10,6,0,2,0,0,2.25,3.2,3.1,2.2,3.25,3.15,1.9,3.1,3.5,2.1,3.2,3,2.2,3.25,3.1,2.2,3.2,2.87,2.2,3.2,2.8,1.95,1.75,2,1.8,1.9,1.95,-0.25,1.9,1.95,-0.25,1.9,2,-0.25,2.15,3.2,3.074285714
E0,28/03/04,Arsenal,Man United,1,1,D,0,0,D,G Poll,17,13,10,8,15,18,8,7,1,1,0,0,2.1,3.25,3.4,2.1,3.25,3.35,1.9,3.1,3.5,1.909,3.4,3.25,2,3.3,3.6,2,3.25,3.25,2,3,3.4,1.85,1.85,1.9,1.9,1.5,2.45,0,1.95,1.9,-0.25,1.95,1.95,-0.25,2.001285714,3.221428571,3.392857143
E0,28/03/04,Bolton,Newcastle,1,0,H,1,0,H,M Dean,20,15,12,7,11,10,7,7,1,2,0,0,2.875,3.25,2.375,2.7,3.2,2.5,2.5,3,2.5,2.75,3.25,2.2,2.88,3.2,2.38,2.62,3.2,2.37,2.7,3,2.37,1.9,1.79,2,1.8,2.3,1.55,-0.25,2.05,1.8,0,2.05,1.85,0,2.717857143,3.157142857,2.385
E0,28/03/04,Leicester,Liverpool,0,0,D,0,0,D,P Dowd,13,19,9,12,15,20,7,10,4,3,0,0,3.4,3.25,2.1,3.6,3.3,2,3.5,3.1,1.9,3.75,3.25,1.8,3.6,3.3,2,3.25,3.25,2,3.1,3.1,2.1,1.9,1.79,1.95,1.85,1.55,2.3,0.75,1.85,2,0.5,1.85,2.05,0.5,3.457142857,3.221428571,1.985714286
E0,3/4/2004,Fulham,Birmingham,0,0,D,0,0,D,M Riley,6,6,5,1,24,22,4,2,4,2,0,0,2.25,3.2,3.1,2.2,3.2,3.2,2.1,3,3.1,2,3.2,3.2,2.2,3.2,3.2,2.1,3.2,3.1,2.1,3.2,3,1.9,1.79,2.05,1.75,1.65,2.15,0,1.95,1.9,-0.25,1.95,1.95,-0.25,2.135714286,3.171428571,3.128571429
E0,3/4/2004,Middlesbrough,Bolton,2,0,H,1,0,H,N Barry,10,13,6,8,13,15,7,8,2,2,0,0,1.909,3.25,4,2,3.25,3.7,2,3,3.3,1.8,3.2,4,1.91,3.25,4,1.85,3.25,3.75,1.9,3.2,3.5,1.95,1.75,2.05,1.75,1.7,2.05,-0.25,2,1.85,-0.5,2.05,1.85,-0.5,1.909857143,3.2,3.75
E0,3/4/2004,Newcastle,Everton,4,2,H,2,1,H,D Gallagher,12,13,8,6,11,7,5,9,0,0,0,0,1.615,3.4,6,1.62,3.5,5.65,1.6,3.4,4.6,1.5,3.4,6,1.57,3.6,6,1.53,3.4,6,1.53,3.4,5.5,1.75,1.95,1.85,1.95,2,1.75,-1,1.75,2.1,-0.75,1.875,2.025,-0.75,1.566428571,3.442857143,5.678571429
E0,3/4/2004,Tottenham,Chelsea,0,1,A,0,1,A,S Bennett,12,10,7,7,10,10,5,4,2,0,0,0,4,3.25,1.909,3.5,3.25,2.05,3.5,3.1,1.9,3,3.2,2.1,3.75,3.4,1.91,3.6,3.2,1.9,3.75,3.3,1.8,1.79,1.9,1.9,1.9,2.05,1.7,0.25,1.8,2.05,0.5,1.85,2.05,0.5,3.585714286,3.242857143,1.938428571
E0,3/4/2004,Wolves,Southampton,1,4,A,0,1,A,M Halsey,8,13,3,10,12,8,3,6,2,1,0,0,2.5,3.4,2.625,2.5,3.2,2.7,2.2,3,2.9,2.6,3.2,2.375,2.5,3.3,2.62,2.5,3.2,2.5,2.4,3.1,2.6,1.95,1.75,2.1,1.7,2.2,1.6,-0.25,1.95,1.9,0,1.925,1.975,0,2.457142857,3.2,2.617142857
E0,4/4/2004,Aston Villa,Man City,1,1,D,1,0,H,U Rennie,6,7,3,4,13,13,5,4,1,2,0,0,1.909,3.3,4,1.95,3.25,3.85,1.85,3.1,3.6,1.727,3.4,4,1.91,3.4,3.8,1.85,3.25,3.75,1.83,3.2,3.75,1.85,1.85,1.95,1.85,1.67,2.1,-0.25,2.05,1.8,-0.5,2.025,1.875,-0.5,1.860857143,3.271428571,3.821428571
E0,4/4/2004,Liverpool,Blackburn,4,0,H,3,0,H,J Winter,24,9,11,2,8,10,6,4,0,1,0,0,1.615,3.4,6,1.62,3.5,5.75,1.6,3.4,4.6,1.5,3.4,6,1.62,3.6,5.5,1.57,3.4,5.5,1.61,3.3,5,1.75,1.95,1.95,1.85,2.05,1.7,-1,1.95,1.9,-0.75,1.925,1.975,-0.75,1.590714286,3.428571429,5.478571429
E0,5/4/2004,Leeds,Leicester,3,2,H,2,0,H,M Dean,15,14,10,9,19,14,7,11,2,1,1,0,2,3.3,3.6,2.05,3.2,3.55,1.9,3.1,3.5,1.909,3.2,3.5,2.1,3.3,3.3,2.1,3.2,3.1,2.1,3.2,3,1.75,1.95,1.85,1.95,1.7,2.05,-0.25,2,1.85,-0.5,2.05,1.85,-0.5,2.022714286,3.214285714,3.364285714
E0,9/4/2004,Arsenal,Liverpool,4,2,H,1,2,A,A Wiley,12,12,7,5,16,9,2,8,3,1,0,0,1.909,3.1,4.333,1.92,3.2,4,1.8,3.1,3.8,1.8,3.2,4,1.83,3.2,4.5,1.85,3.25,3.75,1.72,3.2,4.33,1.85,1.85,2,1.8,1.45,2.6,0,1.95,1.9,-0.5,2.025,1.875,-0.5,1.832714286,3.178571429,4.101857143
E0,9/4/2004,Everton,Tottenham,3,1,H,3,0,H,R Styles,13,12,10,7,9,14,8,4,0,3,0,1,2.2,3.25,3.2,2.2,3.2,3.2,2,3.1,3.2,2,3.2,3.2,2.2,3.25,3.1,2.1,3.2,3.1,2.25,3,2.87,1.9,1.79,2,1.8,1.6,2.21,0,2,1.85,-0.25,1.95,1.95,-0.25,2.135714286,3.171428571,3.124285714
E0,10/4/2004,Birmingham,Man United,1,2,A,1,0,H,D Gallagher,11,10,8,6,11,10,0,3,0,0,0,0,4.5,3.3,1.8,4.25,3.45,1.8,3.6,3.1,1.85,4.333,3.2,1.727,4.33,3.4,1.8,4,3.25,1.8,4.33,3.4,1.66,1.79,1.9,1.95,1.85,1.85,2,0.75,1.85,2,0.75,1.825,2.075,0.75,4.191857143,3.3,1.776714286
E0,10/4/2004,Blackburn,Leeds,1,2,A,0,1,A,S Dunn,9,8,7,3,14,13,6,4,2,2,0,0,2.1,3.25,3.4,2,3.25,3.65,2.1,3,3.1,2,3.4,3,2.1,3.2,3.4,1.9,3.25,3.5,2,3.2,3.2,1.79,1.9,1.9,1.9,1.55,2.3,0,1.8,2.05,-0.25,1.85,2.05,-0.25,2.028571429,3.221428571,3.321428571
E0,10/4/2004,Bolton,Aston Villa,2,2,D,0,1,A,M Messias,16,7,7,3,10,12,6,4,1,3,0,0,2.5,3.25,2.7,2.45,3.2,2.75,2.4,3,2.6,2.4,3.25,2.5,2.5,3.3,2.62,2.37,3.2,2.62,2.4,3.1,2.6,1.9,1.79,2,1.8,2.2,1.6,-0.25,1.8,2.05,0,1.85,2.05,0,2.431428571,3.185714286,2.627142857
E0,10/4/2004,Charlton,Portsmouth,1,1,D,1,0,H,A D'Urso,9,10,3,8,14,8,6,2,1,1,0,0,1.8,3.5,4.2,1.85,3.25,4.33,1.8,3.1,3.8,1.8,3.25,3.75,1.73,3.5,4.75,1.8,3.25,4,1.72,3.4,4,1.9,1.79,1.95,1.85,1.6,2.2,-0.25,1.95,1.9,-0.5,1.95,1.95,-0.5,1.785714286,3.321428571,4.118571429
E0,10/4/2004,Chelsea,Middlesbrough,0,0,D,0,0,D,M Halsey,19,9,9,5,10,8,6,2,1,1,0,0,1.364,4.5,8.5,1.4,4.1,8,1.3,4.2,8,1.4,3.75,7,1.36,4.33,8.5,1.4,3.75,7.5,1.36,3.75,8,1.85,1.85,1.85,1.95,2,1.85,-1.25,1.7,2.15,-1,1.8,2.1,-1,1.369142857,4.054285714,7.928571429
E0,10/4/2004,Leicester,Fulham,0,2,A,0,0,D,P Walton,10,9,7,4,13,15,15,4,2,0,0,0,2.3,3.25,3,2.35,3.2,2.9,2.1,3,3.1,2.375,3,2.75,2.3,3.3,2.9,2.37,3.2,2.62,2.3,3.1,2.75,1.95,1.75,2.05,1.75,1.65,2.15,0,2.05,1.8,-0.25,2.1,1.8,-0.25,2.299285714,3.15,2.86
E0,10/4/2004,Man City,Wolves,3,3,D,2,2,D,J Winter,14,15,8,9,9,12,5,6,0,1,0,0,1.615,3.6,5.5,1.62,3.5,5.5,1.55,3.5,4.8,1.571,3.5,5,1.53,3.6,6.5,1.61,3.4,5,1.61,3.3,5,1.85,1.85,1.8,2,2.2,1.6,-1.25,1.85,2,-1,1.925,1.975,-1,1.586571429,3.485714286,5.328571429
E0,11/4/2004,Newcastle,Arsenal,0,0,D,0,0,D,P Durkin,9,11,5,5,14,12,5,4,0,1,0,0,3.2,3.25,2.2,2.9,3.3,2.3,2.9,3,2.2,3.2,3.2,2,2.75,3.4,2.38,3,3.25,2.1,3.1,3.1,2.1,1.79,1.9,1.85,1.95,1.8,2.05,0.25,,,,1.8,2.1,0.25,3.007142857,3.214285714,2.182857143
E0,12/4/2004,Aston Villa,Chelsea,3,2,H,1,1,D,J Winter,5,6,3,2,8,14,7,2,0,1,0,0,3.5,3.4,2,3.85,3.25,1.95,3.2,3.1,2,4,3.4,1.727,3.75,3.4,1.91,3.6,3.2,1.9,3.75,3.2,1.83,1.86,1.87,2,1.8,2.15,1.65,0.25,1.9,1.95,0.5,1.9,2,0.5,3.664285714,3.278571429,1.902428571
E0,12/4/2004,Fulham,Blackburn,3,4,A,2,1,H,M Dean,10,11,7,7,12,14,6,1,0,0,0,0,2,3.25,3.75,2,3.25,3.65,1.9,3.1,3.5,1.833,3.4,3.5,1.91,3.4,3.75,1.9,3.25,3.5,2,3.2,3.2,1.86,1.86,1.9,1.9,1.9,1.95,-0.25,2.05,1.8,-0.5,1.925,1.975,-0.25,1.934714286,3.264285714,3.55
E0,12/4/2004,Liverpool,Charlton,0,1,A,0,0,D,P Dowd,25,6,16,3,12,17,7,4,1,0,0,0,1.615,3.5,6,1.6,3.45,6,1.55,3.5,4.8,1.533,3.5,5.5,1.62,3.6,5.5,1.61,3.4,5,1.57,3.5,5,1.77,1.96,1.9,1.9,2.05,1.7,-1.25,1.95,1.9,-1,2.1,1.8,-1.25,1.585428571,3.492857143,5.4
E0,12/4/2004,Middlesbrough,Southampton,3,1,H,2,0,H,D Gallagher,25,16,18,8,11,14,6,3,0,0,0,0,2.1,3.25,3.4,2.05,3.25,3.5,2.1,3,3.1,2,3.2,3.2,2.1,3.3,3.3,2,3.25,3.25,2,3.2,3.2,1.91,1.81,2,1.8,1.5,2.45,0,1.8,2.05,-0.25,1.875,2.025,-0.25,2.05,3.207142857,3.278571429
E0,12/4/2004,Portsmouth,Birmingham,3,1,H,1,0,H,B Knight,12,6,6,2,19,11,4,4,1,2,0,1,2.375,3.25,2.875,2.4,3.25,2.8,2.4,2.9,2.7,2.375,3.2,2.6,2.38,3.3,2.8,2.3,3.2,2.7,2.25,3.3,2.62,1.91,1.81,2,1.8,1.7,2.05,0,2,1.85,-0.25,1.925,1.975,-0.25,2.354285714,3.2,2.727857143
E0,12/4/2004,Tottenham,Man City,1,1,D,0,1,A,C Foy,15,9,10,8,10,21,4,3,1,1,0,0,2.2,3.25,3.2,2.1,3.25,3.35,2,3,3.3,2,3.2,3.2,2.1,3.3,3.3,2,3.25,3.25,2,3.2,3.2,1.81,1.91,1.9,1.9,1.55,2.3,0,1.95,1.9,-0.25,1.95,1.95,-0.25,2.057142857,3.207142857,3.257142857
E0,12/4/2004,Wolves,Bolton,1,2,A,1,1,D,U Rennie,8,13,3,4,12,11,6,9,2,1,0,0,2.4,3.4,2.75,2.4,3.25,2.8,2.3,3,2.7,2.4,3.25,2.5,2.5,3.3,2.63,2.37,3.2,2.62,2.3,3.2,2.62,1.91,1.81,1.9,1.9,1.75,2,0,2,1.85,-0.25,1.75,2.15,0,2.381428571,3.228571429,2.66
E0,13/04/04,Leeds,Everton,1,1,D,0,1,A,P Durkin,14,8,7,4,12,12,10,5,2,1,0,0,2.2,3.3,3.2,2.1,3.25,3.35,2.1,3,3.1,2.2,3.2,2.8,2.25,3.3,3,2.1,3.25,3,2.1,3.3,2.87,1.86,1.86,1.9,1.9,1.55,2.3,0,1.85,2,-0.25,1.85,2.05,-0.25,2.15,3.228571429,3.045714286
E0,13/04/04,Man United,Leicester,1,0,H,0,0,D,M Halsey,16,12,12,5,11,11,7,4,0,3,0,0,1.286,5,10,1.25,5.25,11,1.22,4.7,9.5,1.2,5,11,1.25,5,10,1.25,5,8.5,1.22,5.5,8,1.66,2.07,1.65,2.15,1.7,2.05,-1.5,1.95,1.9,-1.75,2.075,1.825,-1.75,1.239428571,5.064285714,9.714285714
E0,16/04/04,Arsenal,Leeds,5,0,H,3,0,H,D Gallagher,15,7,8,2,10,10,3,8,0,0,0,0,1.333,5,8,1.3,5,9,1.3,4.2,8,1.25,5,8,1.29,5,9.5,1.28,4.5,9,1.3,4.33,8,1.55,2.25,1.66,2.15,1.65,2.15,-1,1.85,2,-1.25,1.925,1.975,-1.25,1.293285714,4.718571429,8.5
E0,17/04/04,Blackburn,Leicester,1,0,H,1,0,H,R Styles,12,8,4,4,16,14,2,4,2,1,0,0,1.909,3.5,3.75,1.91,3.4,3.75,1.8,3.1,3.8,1.8,3.25,3.75,1.91,3.4,3.75,1.85,3.25,3.75,1.83,3.4,3.5,1.85,1.85,1.8,2,1.65,2.15,-0.25,1.8,2.05,-0.5,1.9,2,-0.5,1.858428571,3.328571429,3.721428571
E0,17/04/04,Bolton,Tottenham,2,0,H,1,0,H,J Winter,15,4,10,0,18,21,11,5,1,2,0,0,2.25,3.2,3.1,2.25,3.3,3,2.3,2.7,3,2.2,3.25,2.75,2.1,3.3,3.3,2.1,3.2,3.1,2.25,3.2,2.75,1.95,1.75,1.95,1.85,1.65,2.15,0,2,1.85,-0.25,2.05,1.85,-0.25,2.207142857,3.164285714,3
E0,17/04/04,Charlton,Birmingham,1,1,D,0,0,D,C Foy,12,7,5,4,14,9,9,3,1,0,0,0,2.1,3.25,3.4,2.15,3.25,3.25,2.1,3,3.1,2,3.2,3.2,2.1,3.2,3.4,2.1,3.2,3.1,2.1,3.2,3,2.05,1.65,2,1.8,1.5,2.45,0,1.8,2.05,-0.25,1.875,2.025,-0.25,2.092857143,3.185714286,3.207142857
E0,17/04/04,Chelsea,Everton,0,0,D,0,0,D,G Poll,16,5,6,4,11,10,8,4,0,0,0,0,1.444,4,7.5,1.4,4.1,8,1.4,3.9,6,1.4,3.75,7,1.36,4.33,8.5,1.36,3.75,9,1.36,4,7,1.75,1.95,1.9,1.9,2,1.75,-1.25,1.8,2.05,-1,1.8,2.1,-1,1.389142857,3.975714286,7.571428571
E0,17/04/04,Liverpool,Fulham,0,0,D,0,0,D,S Bennett,18,11,10,7,16,10,14,7,0,3,0,0,1.615,3.4,6,1.6,3.55,5.75,1.55,3.5,4.8,1.5,3.4,6,1.62,3.6,5.5,1.57,3.4,5.5,1.61,3.3,5,1.71,2,2,1.8,1.9,1.95,-1,1.9,1.95,-1,1.8,2.1,-0.75,1.580714286,3.45,5.507142857
E0,17/04/04,Man City,Southampton,1,3,A,0,1,A,G Barber,15,9,7,5,11,9,6,3,1,1,0,0,1.909,3.3,4,1.9,3.3,4,1.75,3.3,3.8,1.909,3.4,3.25,1.95,3.3,3.75,1.9,3.25,3.5,2,3.1,3.3,1.9,1.79,1.9,1.9,2.2,1.6,-0.75,1.85,2,-0.5,1.925,1.975,-0.5,1.902571429,3.278571429,3.657142857
E0,17/04/04,Portsmouth,Man United,1,0,H,1,0,H,N Barry,9,19,4,12,14,8,3,13,2,1,0,0,4.5,3.6,1.727,5,3.4,1.7,4.4,3.3,1.65,4.333,3.4,1.667,5,3.6,1.67,4.5,3.4,1.66,5,3.3,1.61,1.71,2,1.85,1.95,1.9,1.95,0.75,1.9,1.95,0.75,1.825,2.075,0.75,4.676142857,3.428571429,1.669142857
E0,17/04/04,Wolves,Middlesbrough,2,0,H,1,0,H,A D'Urso,12,16,8,10,10,10,6,8,1,2,0,0,2.75,3.4,2.375,2.75,3.3,2.42,2.3,3.2,2.5,2.75,3.2,2.25,2.75,3.3,2.4,2.5,3.2,2.5,2.6,3.3,2.3,1.9,1.79,1.95,1.85,2.3,1.55,-0.25,2.1,1.75,0,2.1,1.8,0,2.628571429,3.271428571,2.392142857
E0,18/04/04,Aston Villa,Newcastle,0,0,D,0,0,D,B Knight,10,5,1,4,17,13,7,3,1,4,0,1,2.375,3.25,2.875,2.35,3.2,2.9,2.4,3,2.6,2.2,3.25,2.75,2.4,3.3,2.75,2.25,3.2,2.8,2.3,3,2.8,1.93,1.81,2.05,1.75,2.2,1.6,-0.25,1.8,2.05,0,1.85,2.05,0,2.325,3.171428571,2.782142857
E0,20/04/04,Man United,Charlton,2,0,H,1,0,H,S Dunn,10,5,6,0,10,8,8,3,0,1,0,0,1.4,4.333,7.5,1.4,4,8.5,1.4,3.9,6,,,,1.36,4.5,8,1.36,4,7.5,1.36,3.75,8,1.71,2,1.8,2,1.7,2.05,-1,2,1.85,-1.25,2,1.9,-1.25,1.38,4.0805,7.583333333
E0,24/04/04,Everton,Blackburn,0,1,A,0,0,D,P Dowd,16,10,9,7,8,22,8,5,0,4,0,0,2.2,3.25,3.2,2.15,3.3,3.2,2.2,2.7,3.2,1.91,3.4,3.25,2.1,3.3,3.3,2.1,3.25,3,2.2,3,3,1.85,1.85,1.95,1.85,1.55,2.3,0,1.9,1.95,-0.5,1.975,1.925,-0.5,2.122857143,3.171428571,3.164285714
E0,24/04/04,Fulham,Charlton,2,0,H,1,0,H,M Messias,8,8,6,3,15,13,4,7,1,1,0,0,2.25,3.3,3,2.3,3.3,2.9,2.2,3,2.9,2.2,3.25,2.75,2.2,3.3,3.1,2.25,3.2,2.8,2.2,3.2,2.8,1.9,1.79,1.95,1.85,1.7,2.05,0,2,1.85,-0.5,2,1.9,-0.5,2.228571429,3.221428571,2.892857143
E0,24/04/04,Leicester,Man City,1,1,D,0,1,A,A D'Urso,12,11,5,5,13,14,4,2,1,1,0,0,2.5,3.4,2.62,2.5,3.3,2.65,2.5,3,2.5,2.38,3.2,2.6,2.5,3.3,2.62,2.5,3.2,2.5,2.5,3.3,2.37,1.85,1.85,2,1.8,2.2,1.6,-0.5,2.05,1.8,0,2,1.9,0,2.482857143,3.242857143,2.551428571
E0,24/04/04,Man United,Liverpool,0,1,A,0,0,D,M Riley,11,9,4,4,19,15,3,4,2,1,0,0,1.8,3.3,4.5,1.83,3.3,4.35,1.75,3.2,4,1.73,3.4,4,1.73,3.4,4.75,1.73,3.25,4.33,1.72,3.2,4.33,1.79,1.9,2,1.8,1.55,2.3,-0.5,1.9,1.95,-0.5,1.95,1.95,-0.5,1.755714286,3.292857143,4.322857143
E0,24/04/04,Middlesbrough,Aston Villa,1,2,A,1,1,D,G Barber,31,12,21,9,12,15,12,8,0,1,0,1,2.3,3.25,3,2.3,3.3,2.9,2.4,3.2,2.4,2.2,3.2,2.8,2.3,3.2,3,2.3,3.2,2.75,2.25,3.2,2.75,1.95,1.75,2,1.8,1.7,2.05,0,2,1.85,-0.5,2.05,1.85,-0.5,2.292857143,3.221428571,2.8
E0,24/04/04,Southampton,Bolton,1,2,A,1,0,H,S Dunn,9,11,3,8,13,16,2,2,4,3,0,0,1.9,3.25,4,2,3.3,3.6,1.75,3.2,4,1.83,3.2,3.75,1.91,3.25,4,1.91,3.2,3.6,1.9,3.2,3.5,2,1.71,2,1.8,1.8,2.05,-0.5,1.75,2.1,-0.5,1.75,2.15,-0.5,1.885714286,3.228571429,3.778571429
E0,25/04/04,Birmingham,Wolves,2,2,D,2,1,H,M Dean,14,11,9,7,11,13,9,2,1,0,0,0,1.61,3.6,5.5,1.65,3.6,5,1.8,3.1,3.8,1.67,3.25,4.5,1.62,3.6,5.5,1.62,3.4,5,1.61,3.3,5,1.75,1.95,1.85,1.95,2.05,1.7,-1,1.95,1.9,-0.75,1.95,1.95,-0.75,1.654285714,3.407142857,4.9
E0,25/04/04,Leeds,Portsmouth,1,2,A,0,1,A,U Rennie,14,7,6,5,9,21,9,2,2,2,0,0,2.1,3.25,3.4,2.1,3.3,3.3,2,3.1,3.2,2,3.4,3,2.1,3.3,3.3,2.1,3.25,3,2,3.2,3.2,1.75,1.95,1.95,1.85,1.5,2.45,0,1.8,2.05,-0.5,1.875,2.025,-0.5,2.057142857,3.257142857,3.2
E0,25/04/04,Newcastle,Chelsea,2,1,H,1,1,D,R Styles,21,17,12,6,12,12,7,5,1,2,0,0,2.7,3.25,2.5,2.55,3.3,2.6,2.4,3,2.6,2.75,3.2,2.25,2.5,3.3,2.62,2.5,3.2,2.5,2.6,3.1,2.4,1.85,1.85,2,1.8,2.2,1.6,-0.5,1.9,1.95,0,1.9,2,0,2.571428571,3.192857143,2.495714286
E0,25/04/04,Tottenham,Arsenal,2,2,D,0,2,A,M Halsey,13,9,7,7,14,15,7,4,1,1,0,0,5.5,3.4,1.66,4.85,3.4,1.72,3.6,3.1,1.85,4.5,3.25,1.67,5,3.4,1.7,4.33,3.25,1.73,4.5,3.3,1.66,1.85,1.85,1.85,1.95,1.9,1.95,0.75,1.95,1.9,0.75,1.9,2,0.75,4.611428571,3.3,1.712857143
E0,1/5/2004,Arsenal,Birmingham,0,0,D,0,0,D,G Poll,7,3,1,3,13,16,2,3,0,2,0,0,1.36,4.33,9,1.37,4.15,9,1.45,3.6,5.8,1.33,3.75,9,1.4,4.33,7.5,1.44,3.75,6,1.36,4,7.5,1.65,2.05,1.8,2,1.6,2.2,-1,2,1.85,-1.25,2.05,1.85,-1.25,1.387142857,3.987142857,7.685714286
E0,1/5/2004,Blackburn,Man United,1,0,H,0,0,D,M Dean,12,9,8,5,11,10,5,4,2,1,0,0,3.75,3.5,1.9,3.95,3.3,1.9,3.8,3.1,1.8,3.4,3.25,1.91,4,3.5,1.83,3.6,3.3,1.83,3.75,3.25,1.85,1.85,1.85,1.85,1.95,2.15,1.65,0.25,,,,2,1.9,0.5,3.75,3.314285714,1.86
E0,1/5/2004,Charlton,Leicester,2,2,D,0,1,A,R Styles,8,10,7,5,15,7,5,4,1,0,0,1,1.8,3.4,4.33,1.85,3.4,4,1.8,3.1,3.8,1.67,3.4,4.33,1.8,3.4,4.33,1.8,3.5,3.5,1.73,3.5,4,1.9,1.79,1.9,1.9,1.55,2.3,-0.25,,,,1.95,1.95,-0.5,1.778571429,3.385714286,4.041428571
E0,1/5/2004,Chelsea,Southampton,4,0,H,0,0,D,P Durkin,12,5,7,3,6,5,12,3,0,0,0,0,1.53,3.6,6.5,1.5,3.75,6.75,1.45,3.6,5.8,1.44,3.6,6.5,1.5,3.75,7,1.44,3.75,6,1.44,3.6,7,1.75,1.95,1.85,1.95,2.15,1.65,-1.25,,,,1.95,1.95,-1,1.471428571,3.664285714,6.507142857
E0,1/5/2004,Man City,Newcastle,1,0,H,0,0,D,M Halsey,7,7,3,6,7,9,7,5,1,1,0,0,2.62,3.4,2.5,2.55,3.3,2.5,2.7,2.9,2.4,2.6,3.2,2.38,2.7,3.4,2.4,2.62,3.1,2.37,2.62,3.2,2.38,1.85,1.85,2,1.8,2.05,1.7,-0.25,1.8,2.05,0,1.85,2.05,0,2.63,3.214285714,2.418571429
E0,1/5/2004,Portsmouth,Fulham,1,1,D,0,0,D,S Dunn,14,11,7,7,14,13,10,3,1,4,0,0,2.2,3.25,3.2,2.1,3.25,3.35,2.1,3,3.1,2,3.2,3.2,2,3.4,3.5,2,3.2,3.2,2.1,3.25,3,1.9,1.79,1.95,1.85,1.5,2.45,0,1.85,2,-0.25,1.825,2.075,-0.25,2.071428571,3.221428571,3.221428571
E0,1/5/2004,Wolves,Everton,2,1,H,0,1,A,M Riley,20,10,11,6,7,12,12,7,0,1,0,0,2.5,3.4,2.62,2.5,3.25,2.7,2.3,3.2,2.5,2.5,3.2,2.5,2.38,3.4,2.75,2.3,3.2,2.62,2.5,3.2,2.5,1.85,1.85,1.95,1.85,2.1,1.67,-0.25,,,,1.8,2.1,0,2.425714286,3.264285714,2.598571429
E0,2/5/2004,Aston Villa,Tottenham,1,0,H,1,0,H,N Barry,11,10,6,5,15,20,5,5,2,1,0,0,1.66,3.6,5,1.72,3.35,5,1.55,3.5,4.8,1.67,3.25,4.5,1.67,3.6,5,1.72,3.25,4.2,1.75,3.4,4,1.95,1.75,2,1.8,2.15,1.65,-1,,,,2,1.9,-0.75,1.677142857,3.421428571,4.642857143
E0,2/5/2004,Bolton,Leeds,4,1,H,0,1,A,S Bennett,21,6,14,4,14,20,9,3,3,2,0,1,2.25,3.5,2.87,2.35,3.4,2.75,2.3,3.2,2.5,2.1,3.2,3,2.2,3.4,3,2.37,3.5,2.37,2.3,3.4,2.6,1.9,1.79,1.9,1.9,2.05,1.7,-0.25,1.8,2.05,0,1.8,2.1,0,2.267142857,3.371428571,2.727142857
E0,2/5/2004,Liverpool,Middlesbrough,2,0,H,0,0,D,A D'Urso,15,12,8,6,12,14,7,3,1,1,0,0,1.57,3.5,6.5,1.57,3.5,6.25,1.35,4,7,1.53,3.5,5.5,1.62,3.4,6,1.53,3.4,5.5,1.57,3.4,5.5,1.95,1.75,2,1.8,2.15,1.65,-1.25,1.9,1.95,-1,1.925,1.975,-1,1.534285714,3.528571429,6.035714286
E0,4/5/2004,Portsmouth,Arsenal,1,1,D,1,0,H,M Riley,11,20,6,9,13,10,5,12,0,2,0,0,4.5,3.3,1.8,4.25,3.25,1.8,4.2,2.7,1.9,4.33,3.2,1.73,4.33,3.4,1.8,4,3.25,1.8,4.33,3.2,1.72,1.85,1.85,1.95,1.85,1.7,2.15,0.75,1.95,1.9,0.5,1.95,1.95,0.5,4.277142857,3.185714286,1.792857143
E0,8/5/2004,Birmingham,Liverpool,0,3,A,0,1,A,S Dunn,3,15,2,8,11,12,3,5,2,0,1,0,3.4,3.25,2.1,3.25,3.25,2.05,3.4,3.3,1.85,3,3.2,2.1,3.2,3.4,2.1,3.25,3.25,2,3.25,3.4,1.9,1.95,1.75,2,1.8,2.05,1.7,0.25,,,,1.8,2.1,0.5,3.25,3.292857143,2.014285714
E0,8/5/2004,Everton,Bolton,1,2,A,0,1,A,P Durkin,16,10,9,3,14,9,7,3,2,0,0,0,2.25,3.3,3,2.2,3.2,3,2.2,3.1,2.8,2.2,3.2,2.8,2.25,3.3,3,2.2,3.2,2.88,2.1,3.2,3,1.95,1.75,1.95,1.85,1.6,2.2,0,2,1.85,-0.25,2,1.9,-0.25,2.2,3.214285714,2.925714286
E0,8/5/2004,Leeds,Charlton,3,3,D,2,1,H,M Halsey,13,12,7,6,12,9,3,2,0,0,0,0,2.6,3.25,2.6,2.5,3.25,2.52,2.3,3.1,2.6,2.5,3.2,2.5,2.75,3.3,2.4,2.5,3.2,2.5,2.62,3.1,2.37,1.85,1.85,1.95,1.85,2.2,1.6,-0.25,,,,,,,2.538571429,3.2,2.498571429
E0,8/5/2004,Leicester,Portsmouth,3,1,H,2,0,H,G Poll,13,14,9,7,11,15,8,3,0,2,0,0,2.4,3.4,2.75,2.4,3.25,2.65,2.5,3,2.5,2.38,3.2,2.6,2.4,3.3,2.75,2.4,3.2,2.6,2.4,3.25,2.5,1.95,1.75,2,1.8,2.05,1.7,-0.25,,,,,,,2.411428571,3.228571429,2.621428571
E0,8/5/2004,Man United,Chelsea,1,1,D,0,1,A,S Bennett,12,11,7,7,9,19,6,2,3,2,0,1,2.25,3.2,3.1,2.1,3.2,3.2,2,3.1,3.2,2.2,3.2,2.8,2.1,3.3,3.3,2.2,3.2,2.88,2.25,3,2.87,1.85,1.85,2,1.8,1.5,2.45,0,1.8,2.05,-0.25,1.875,2.025,-0.25,2.157142857,3.171428571,3.05
E0,8/5/2004,Middlesbrough,Man City,2,1,H,2,1,H,M Riley,12,14,7,6,9,14,5,4,1,1,0,0,2.1,3.25,3.4,2.05,3.25,3.25,2,3.1,3.2,1.8,3.25,3.75,2.1,3.2,3.4,1.91,3.25,3.5,2,3.2,3.2,1.9,1.79,2,1.8,1.5,2.45,0,1.9,1.95,-0.25,1.9,2,-0.25,1.994285714,3.214285714,3.385714286
E0,8/5/2004,Southampton,Aston Villa,1,1,D,1,1,D,H Webb,18,14,10,7,10,13,4,4,1,0,0,0,2.87,3.4,2.3,2.8,3.2,2.3,3,3.1,2.1,2.8,3.2,2.2,3,3.3,2.25,2.75,3.25,2.25,2.7,3.3,2.2,1.95,1.75,1.95,1.85,1.85,2,0.25,1.8,2.05,0.25,1.85,2.05,0.25,2.845714286,3.25,2.228571429
E0,8/5/2004,Tottenham,Blackburn,1,0,H,1,0,H,A D'Urso,16,14,13,2,9,17,7,7,0,2,0,0,2.3,3.4,2.87,2.15,3.25,3.05,2.1,3,3.1,2.1,3.2,3,2.2,3.4,3,2.2,3.2,2.88,2.2,3.25,2.75,1.79,1.9,1.85,1.95,1.6,2.2,0,1.95,1.9,-0.25,2,1.9,-0.25,2.178571429,3.242857143,2.95
E0,9/5/2004,Fulham,Arsenal,0,1,A,0,1,A,M Dean,12,7,5,5,13,19,6,7,1,3,0,0,3.25,3.4,2.1,3.8,3.2,1.9,3.6,2.6,2.1,3.5,3.2,1.91,4,3.25,1.91,3.5,3.25,1.91,3.6,2.87,2,1.9,1.79,2,1.8,1.74,1.9,0.5,,,,2.125,1.775,0.25,3.607142857,3.11,1.975714286
E0,9/5/2004,Newcastle,Wolves,1,1,D,1,0,H,M Messias,19,15,8,7,13,11,13,3,1,2,0,0,1.3,5,9,1.27,5,9.5,1.22,4.8,9.5,1.29,4.5,8,1.3,5,9,1.25,5,9,1.22,5,9.5,1.65,2.05,1.7,2.1,1.92,1.66,-1.5,,,,,,,1.264285714,4.9,9.071428571
E0,12/5/2004,Southampton,Newcastle,3,3,D,2,2,D,G Poll,15,22,12,12,13,16,3,5,1,2,0,0,2.87,3.6,2.2,3.25,3.25,2.05,3.1,3.2,2,2.75,3.2,2.25,3,3.3,2.25,2.88,3.4,2.1,3.25,3.4,1.9,1.95,1.75,,,1.9,1.9,0.25,1.88,1.96,0.25,1.9,2,0.25,3.014285714,3.335714286,2.107142857
E0,15/05/04,Arsenal,Leicester,2,1,H,0,1,A,P Durkin,17,2,10,1,15,13,7,5,0,1,0,0,1.25,5,13,1.22,5,12,1.3,4,8.5,1.17,5.5,12,1.25,5,12,1.22,5,10,1.22,4.5,12,1.65,2.05,1.7,2.1,1.22,3.53,-0.5,,,,,,,1.232857143,4.857142857,11.35714286
E0,15/05/04,Aston Villa,Man United,0,2,A,0,2,A,R Styles,16,12,8,8,21,15,9,4,4,3,0,2,2.2,3.4,3,2.05,3.4,3.1,2.1,3.2,2.9,2.2,3.25,2.75,2.2,3.2,3.2,2,3.4,3.1,2,3.4,3,1.9,1.79,2,1.8,1.9,1.95,-0.25,2.04,1.8,-0.25,1.975,1.925,-0.25,2.107142857,3.321428571,3.007142857
E0,15/05/04,Blackburn,Birmingham,1,1,D,1,0,H,D Gallagher,10,9,5,5,11,12,6,8,0,0,0,0,2.1,3.4,3.25,2.05,3.25,3.2,2.1,3,3.1,2.2,3.25,2.75,2.25,3.2,3.1,2.1,3.25,3,2,3.2,3.2,1.9,1.79,2,1.8,1.9,1.95,-0.25,1.94,1.9,-0.5,1.9,2,-0.25,2.114285714,3.221428571,3.085714286
E0,15/05/04,Bolton,Fulham,0,2,A,0,1,A,G Barber,17,10,9,6,9,14,11,3,1,1,0,0,2,3.2,3.75,1.95,3.25,3.5,1.9,3.1,3.5,1.91,3.2,3.5,2,3.3,3.6,2,3.25,3.25,1.9,3.25,3.4,1.9,1.79,1.9,1.9,1.95,1.69,-0.5,2.02,1.82,-0.5,2.05,1.85,-0.5,1.951428571,3.221428571,3.5
E0,15/05/04,Charlton,Southampton,2,1,H,1,0,H,J Winter,10,12,5,4,13,10,7,10,0,1,0,0,2,3.3,3.6,2.05,3.25,3.2,2,3.1,3.2,2,3.2,3.2,2,3.3,3.6,2,3.25,3.25,2,3.2,3.2,1.85,1.85,1.95,1.85,1.9,1.95,-0.25,1.76,2.08,-0.5,2.05,1.85,-0.5,2.007142857,3.228571429,3.321428571
E0,15/05/04,Chelsea,Leeds,1,0,H,1,0,H,M Dean,19,4,9,0,5,9,9,2,0,0,0,0,1.33,4.5,9,1.3,4.4,9,1.4,3.9,6,1.3,4.33,8,1.33,4.5,9,1.33,4.2,8,1.3,4.33,8,1.65,2.05,1.75,2.05,1.3,2.96,-0.5,1.7,2.14,-1.5,,,,1.327142857,4.308571429,8.142857143
E0,15/05/04,Liverpool,Newcastle,1,1,D,0,1,A,M Riley,8,6,4,5,11,17,8,1,1,1,0,0,2,3.3,3.6,2,3.25,3.35,2,3.1,3.2,1.8,3.4,3.6,1.91,3.4,3.75,2,3.25,3.25,2,3.3,3.1,1.9,1.79,2,1.8,2,1.65,-0.5,,,,2.1,1.8,-0.5,1.958571429,3.285714286,3.407142857
E0,15/05/04,Man City,Everton,5,1,H,3,0,H,S Dunn,13,2,11,0,5,8,7,3,1,1,0,0,2.1,3.25,3.4,1.95,3.25,3.5,1.9,3.1,3.5,1.83,3.2,3.75,2.1,3.3,3.3,2,3.25,3.25,1.9,3.25,3.4,1.85,1.85,1.9,1.9,1.95,1.69,-0.5,1.72,2.12,-0.25,1.875,2.025,-0.25,1.968571429,3.228571429,3.442857143
E0,15/05/04,Portsmouth,Middlesbrough,5,1,H,3,1,H,M Halsey,16,19,10,4,12,8,7,2,0,0,0,0,2.25,3.3,3,2.1,3.25,3.1,2.1,3,3.1,2.2,3.2,2.8,2.2,3.2,3.2,2.2,3.2,2.88,2,3.3,3.1,1.9,1.79,2,1.8,1.95,1.9,-0.25,2,1.84,-0.25,2.075,1.825,-0.25,2.15,3.207142857,3.025714286
E0,15/05/04,Wolves,Tottenham,0,2,A,0,1,A,S Bennett,18,14,10,12,6,11,5,3,1,1,1,0,2.37,3.3,2.8,2.3,3.25,2.75,2.2,3,2.9,2.2,3.25,2.75,2.3,3.2,3,2.38,3.2,2.62,2.25,3.3,2.62,1.75,1.95,1.8,2,1.75,2.1,0,,,,,,,2.285714286,3.214285714,2.777142857
